artist,song,genre,year,danceability,energy,duration_ms,explicit,,,,,,,,,
Britney Spears,Oops!...I Did It Again,pop,2000,0.751,0.834,211160,FALSE,,,,,,,,,
blink-182,All The Small Things,"rock, pop",1999,0.434,0.897,167066,FALSE,,,,,,,,,
Faith Hill,Breathe,"pop, country",1999,0.529,0.496,250546,FALSE,,,,,,,,,
Bon Jovi,It's My Life,"rock, metal",2000,0.551,0.913,224493,FALSE,,,,,,,,,
*NSYNC,Bye Bye Bye,pop,2000,0.614,0.928,200560,FALSE,,,,,,,,,
Sisqo,Thong Song,"hip hop, pop, R&B",1999,0.706,0.888,253733,TRUE,,,,,,,,,
Eminem,The Real Slim Shady,hip hop,2000,0.949,0.661,284200,TRUE,,,,,,,,,
Robbie Williams,Rock DJ,"pop, rock",2000,0.708,0.772,258560,FALSE,,,,,,,,,
Destiny's Child,Say My Name,"pop, R&B",1999,0.713,0.678,271333,FALSE,,,,,,,,,
Modjo,Lady - Hear Me Tonight,Dance/Electronic,2001,0.72,0.808,307153,FALSE,,,,,,,,,
Gigi D'Agostino,L'Amour Toujours,pop,2011,0.617,0.728,238759,FALSE,,,,,,,,,
Eiffel 65,Move Your Body - Gabry Ponte Original Radio Edit,pop,1999,0.745,0.958,268863,FALSE,,,,,,,,,
Bomfunk MC's,Freestyler,pop,2000,0.822,0.922,306333,FALSE,,,,,,,,,
Sting,Desert Rose,"rock, pop",1999,0.586,0.659,285960,FALSE,,,,,,,,,
Melanie C,Never Be The Same Again,"pop, Dance/Electronic",1999,0.689,0.685,294200,FALSE,,,,,,,,,
Aaliyah,Try Again,"hip hop, pop, R&B",2002,0.797,0.622,284000,FALSE,,,,,,,,,
Anastacia,I'm Outta Love - Radio Edit,pop,1999,0.761,0.716,245400,FALSE,,,,,,,,,
Alice Deejay,Better Off Alone,pop,2000,0.671,0.88,214883,FALSE,,,,,,,,,
Gigi D'Agostino,The Riddle,pop,1999,0.74,0.876,285426,FALSE,,,,,,,,,
Dr. Dre,The Next Episode,hip hop,1999,0.922,0.909,161506,TRUE,,,,,,,,,
Linkin Park,In the End,"rock, metal",2000,0.556,0.864,216880,FALSE,,,,,,,,,
Tom Jones,Sexbomb,"rock, Folk/Acoustic, easy listening",1999,0.801,0.876,211893,FALSE,,,,,,,,,
Sonique,It Feels So Good,pop,2000,0.634,0.677,240866,FALSE,,,,,,,,,
M.O.P.,Cold as Ice,hip hop,2000,0.656,0.88,244466,TRUE,,,,,,,,,
Melanie C,I Turn To You,"pop, Dance/Electronic",1999,0.522,0.803,352173,FALSE,,,,,,,,,
Limp Bizkit,Take A Look Around,metal,2000,0.425,0.852,321040,FALSE,,,,,,,,,
Darude,Sandstorm,"pop, Dance/Electronic",2001,0.528,0.965,225493,FALSE,,,,,,,,,
Da Brat,What'chu Like (feat. Tyrese),"hip hop, pop, R&B",2000,0.879,0.681,221160,TRUE,,,,,,,,,
Moloko,The Time Is Now,"pop, Dance/Electronic",2000,0.682,0.743,318280,FALSE,,,,,,,,,
Chicane,Don't Give Up,Dance/Electronic,2016,0.644,0.72,210786,FALSE,,,,,,,,,
DMX,Party Up,"hip hop, pop",1999,0.51,0.931,268866,TRUE,,,,,,,,,
Debelah Morgan,Dance with Me,"pop, R&B",2000,0.85,0.674,220106,FALSE,,,,,,,,,
Madonna,Music,pop,2000,0.736,0.802,225973,FALSE,,,,,,,,,
Ruff Endz,No More,R&B,2000,0.839,0.641,242560,FALSE,,,,,,,,,
Britney Spears,Born to Make You Happy,pop,1999,0.633,0.922,243533,FALSE,,,,,,,,,
Montell Jordan,Get It On Tonite,"hip hop, pop, R&B",1999,0.813,0.491,276266,FALSE,,,,,,,,,
Kylie Minogue,Spinning Around,"pop, Dance/Electronic",2000,0.761,0.662,207866,FALSE,,,,,,,,,
JAY-Z,Big Pimpin',hip hop,1999,0.88,0.814,283066,TRUE,,,,,,,,,
LeAnn Rimes,I Need You,"pop, country",2001,0.478,0.736,229826,FALSE,,,,,,,,,
Avant,Separated,"pop, R&B",2000,0.798,0.48,255600,FALSE,,,,,,,,,
Enrique Iglesias,Be With You,"pop, latin",1999,0.683,0.866,219360,FALSE,,,,,,,,,
Toni Braxton,He Wasn't Man Enough,"pop, R&B",2000,0.739,0.947,261933,FALSE,,,,,,,,,
Bow Wow,Bounce With Me (feat. Xscape) - Edited Album Version,"hip hop, pop, R&B",2000,0.852,0.75,175893,FALSE,,,,,,,,,
Dr. Dre,Forgot About Dre,hip hop,1999,0.924,0.74,222293,TRUE,,,,,,,,,
Missy Elliott,Hot Boyz,"hip hop, pop, R&B",1998,0.727,0.445,215466,TRUE,,,,,,,,,
Backstreet Boys,Show Me the Meaning of Being Lonely,pop,1999,0.63,0.625,234960,FALSE,,,,,,,,,
Samantha Mumba,Gotta Tell You,pop,2018,0.729,0.632,201946,FALSE,,,,,,,,,
Mýa,Case Of The Ex (Whatcha Gonna Do),"pop, R&B",2000,0.772,0.688,236906,FALSE,,,,,,,,,
Mary Mary,Shackles (Praise You),R&B,2000,0.779,0.834,198346,FALSE,,,,,,,,,
Next,Wifey,"hip hop, pop, R&B",2004,0.829,0.652,243666,FALSE,,,,,,,,,
Janet Jackson,Doesn't Really Matter,"pop, R&B",2001,0.771,0.796,265026,FALSE,,,,,,,,,
Ricky Martin,She Bangs - English Version,"pop, latin",2000,0.63,0.95,280626,FALSE,,,,,,,,,
Jagged Edge,He Can't Love U,"hip hop, pop, R&B",2000,0.721,0.836,244053,FALSE,,,,,,,,,
Sisqo,Incomplete,"hip hop, pop, R&B",1999,0.746,0.443,274226,TRUE,,,,,,,,,
JAY-Z,I Just Wanna Love U (Give It 2 Me),hip hop,2000,0.8,0.922,227866,TRUE,,,,,,,,,
Mariah Carey,Thank God I Found You (feat. Joe & 98°),"pop, R&B",1999,0.348,0.532,257360,FALSE,,,,,,,,,
Baha Men,Who Let The Dogs Out,R&B,2000,0.869,0.887,198400,FALSE,,,,,,,,,
Donell Jones,"U Know What's Up (feat. Lisa ""Left Eye"" Lopes)","pop, R&B",1999,0.854,0.543,243733,TRUE,,,,,,,,,
LeAnn Rimes,Can't Fight The Moonlight,"pop, country",2001,0.628,0.834,215506,FALSE,,,,,,,,,
Oasis,Go Let It Out,"Folk/Acoustic, rock",2000,0.408,0.849,278666,FALSE,,,,,,,,,
DJ Ötzi,Hey Baby (Radio Mix),"pop, easy listening, Dance/Electronic",2010,0.666,0.968,219240,FALSE,,,,,,,,,
P!nk,Most Girls,pop,2000,0.742,0.732,298960,FALSE,,,,,,,,,
Mariah Carey,Against All Odds (Take A Look at Me Now) (feat. Westlife),"pop, R&B",2011,0.471,0.514,199480,FALSE,,,,,,,,,
Craig David,Fill Me In,"hip hop, pop, R&B",2000,0.682,0.744,257200,FALSE,,,,,,,,,
Christina Aguilera,I Turn to You,pop,1999,0.599,0.47,273706,FALSE,,,,,,,,,
Madonna,American Pie,pop,2000,0.631,0.734,273533,FALSE,,,,,,,,,
Red Hot Chili Peppers,Otherside,rock,1999,0.458,0.795,255373,FALSE,,,,,,,,,
Sammie,I Like It,"hip hop, pop, R&B",2000,0.826,0.656,251040,FALSE,,,,,,,,,
Craig David,7 Days,"hip hop, pop, R&B",2000,0.659,0.812,235133,FALSE,,,,,,,,,
Santana,Maria Maria (feat. The Product G&B),"rock, blues, latin",1999,0.777,0.601,261973,FALSE,,,,,,,,,
Kandi,Don't Think I'm Not,"pop, R&B",2000,0.859,0.622,243533,FALSE,,,,,,,,,
P!nk,There You Go,pop,2000,0.822,0.847,202800,FALSE,,,,,,,,,
Vengaboys,Shalala Lala,pop,2000,0.751,0.901,214819,FALSE,,,,,,,,,
Ronan Keating,Life Is A Rollercoaster,"pop, rock",2000,0.655,0.791,234826,FALSE,,,,,,,,,
Madison Avenue,Don't Call Me Baby,Dance/Electronic,1999,0.808,0.982,228140,FALSE,,,,,,,,,
Destiny's Child,"Jumpin', Jumpin'","pop, R&B",1999,0.771,0.685,230200,FALSE,,,,,,,,,
Céline Dion,That's the Way It Is,pop,1999,0.634,0.886,241373,FALSE,,,,,,,,,
3 Doors Down,Kryptonite,"pop, rock, metal",2000,0.545,0.865,233933,FALSE,,,,,,,,,
Carl Thomas,I Wish,"pop, R&B",2000,0.736,0.666,226760,FALSE,,,,,,,,,
Mystikal,Shake Ya Ass,"hip hop, pop",2000,0.914,0.607,256973,TRUE,,,,,,,,,
Fuel,Hemorrhage (In My Hands),"rock, pop, metal",2000,0.313,0.831,236866,FALSE,,,,,,,,,
Donell Jones,Where I Wanna Be,"pop, R&B",1999,0.664,0.396,253626,FALSE,,,,,,,,,
Savage Garden,Crash and Burn,pop,1999,0.581,0.607,281466,FALSE,,,,,,,,,
Westlife,My Love,pop,2000,0.491,0.593,231760,FALSE,,,,,,,,,
All Saints,Pure Shores,pop,2000,0.631,0.664,268746,FALSE,,,,,,,,,
Destiny's Child,"Independent Women, Pt. 1","pop, R&B",2001,0.73,0.602,221133,FALSE,,,,,,,,,
*NSYNC,It's Gonna Be Me,pop,2000,0.644,0.874,191040,FALSE,,,,,,,,,
Erykah Badu,Bag Lady,"hip hop, R&B",2000,0.724,0.416,348893,FALSE,,,,,,,,,
Marc Anthony,You Sang To Me,"pop, latin",1999,0.578,0.894,347106,FALSE,,,,,,,,,
Matchbox Twenty,Bent,"pop, rock",2000,0.518,0.83,256133,FALSE,,,,,,,,,
Gabrielle,Rise,"pop, R&B",2001,0.558,0.481,219093,FALSE,,,,,,,,,
Backstreet Boys,Shape of My Heart,pop,2000,0.575,0.786,230093,FALSE,,,,,,,,,
Creed,With Arms Wide Open,"pop, rock, metal",1999,0.41,0.539,274800,FALSE,,,,,,,,,
The Corrs,Breathless,"pop, Folk/Acoustic",2000,0.607,0.82,207506,FALSE,,,,,,,,,
Joe,I Wanna Know,"pop, R&B",2000,0.725,0.487,296693,FALSE,,,,,,,,,
Wheatus,Teenage Dirtbag,set(),1999,0.625,0.85,241666,TRUE,,,,,,,,,
Christina Aguilera,Come on over Baby (All I Want Is You) - Radio Version,pop,1999,0.829,0.915,203333,FALSE,,,,,,,,,
Creed,Higher,"pop, rock, metal",1999,0.459,0.83,316733,FALSE,,,,,,,,,
Britney Spears,Lucky,pop,2000,0.765,0.791,206226,FALSE,,,,,,,,,
Nelly,Country Grammar (Hot Shit),"hip hop, pop, R&B",2000,0.865,0.664,287000,TRUE,,,,,,,,,
Shaggy,It Wasn't Me,"hip hop, pop",2000,0.853,0.606,227600,FALSE,,,,,,,,,
Destiny's Child,Survivor,"pop, R&B",2001,0.514,0.911,254026,FALSE,,,,,,,,,
Eminem,Stan,hip hop,2000,0.78,0.768,404106,TRUE,,,,,,,,,
Kylie Minogue,Can't Get You out of My Head,"pop, Dance/Electronic",2001,0.766,0.563,230640,FALSE,,,,,,,,,
Christina Aguilera,"Lady Marmalade - From ""Moulin Rouge"" Soundtrack",pop,2001,0.76,0.801,264893,FALSE,,,,,,,,,
Nelly Furtado,I'm Like A Bird,"hip hop, pop, latin",2000,0.622,0.608,243160,FALSE,,,,,,,,,
Shakira,"Whenever, Wherever","pop, latin",2001,0.794,0.832,196160,FALSE,,,,,,,,,
Jimmy Eat World,The Middle,"rock, pop",2001,0.643,0.849,165853,FALSE,,,,,,,,,
Train,Drops of Jupiter (Tell Me),pop,2001,0.481,0.638,259933,FALSE,,,,,,,,,
Geri Halliwell,It's Raining Men,pop,2001,0.637,0.929,254640,FALSE,,,,,,,,,
Blu Cantrell,Hit 'Em Up Style (Oops!),"pop, R&B",2001,0.667,0.773,250706,FALSE,,,,,,,,,
Britney Spears,I'm a Slave 4 U,pop,2001,0.847,0.843,203600,FALSE,,,,,,,,,
Kylie Minogue,In Your Eyes,"pop, Dance/Electronic",2001,0.689,0.894,197826,FALSE,,,,,,,,,
Missy Elliott,One Minute Man (feat. Ludacris),"hip hop, pop, R&B",2001,0.622,0.669,252986,TRUE,,,,,,,,,
Mary J. Blige,Family Affair,"pop, R&B",2001,0.911,0.551,265866,FALSE,,,,,,,,,
Faithless,We Come 1 - Radio Edit,"pop, Dance/Electronic",2015,0.645,0.903,222435,FALSE,,,,,,,,,
Limp Bizkit,Rollin' (Air Raid Vehicle),metal,2000,0.603,0.933,213760,TRUE,,,,,,,,,
Lasgo,Something,pop,2001,0.643,0.981,220973,FALSE,,,,,,,,,
iio,Rapture (feat.Nadia Ali),Dance/Electronic,2006,0.661,0.855,253586,FALSE,,,,,,,,,
Emma Bunton,What Took You So Long?,pop,2001,0.668,0.772,241000,FALSE,,,,,,,,,
112,It's Over Now,"hip hop, pop, R&B",2001,0.66,0.71,264933,FALSE,,,,,,,,,
Blue,All Rise,pop,2001,0.721,0.737,223546,FALSE,,,,,,,,,
Jessica Simpson,Irresistible,"pop, R&B",2001,0.657,0.965,194026,FALSE,,,,,,,,,
Crazy Town,Butterfly,"rock, metal",1999,0.736,0.811,216733,FALSE,,,,,,,,,
Michael Jackson,You Rock My World,"pop, R&B",2001,0.854,0.673,337733,FALSE,,,,,,,,,
Eve,Let Me Blow Ya Mind,"hip hop, pop, R&B",2001,0.908,0.557,230133,TRUE,,,,,,,,,
Jennifer Lopez,Ain't It Funny,"hip hop, pop, R&B",2001,0.707,0.869,246160,FALSE,,,,,,,,,
Brandy,Another Day in Paradise - R&B-Version,"hip hop, pop, R&B",2002,0.7,0.787,271626,FALSE,,,,,,,,,
Nickelback,How You Remind Me,"rock, metal",2001,0.446,0.764,223840,FALSE,,,,,,,,,
Daft Punk,One More Time,"hip hop, Dance/Electronic",2001,0.613,0.697,320357,FALSE,,,,,,,,,
Outkast,Ms. Jackson,"hip hop, pop",2000,0.843,0.806,270506,TRUE,,,,,,,,,
Fragma,Everytime You Need Me - Radio Version,"pop, Dance/Electronic",2001,0.682,0.917,213346,FALSE,,,,,,,,,
Mariah Carey,Loverboy,"pop, R&B",2001,0.721,0.79,229173,FALSE,,,,,,,,,
Dido,Thank You,pop,1999,0.725,0.583,218360,FALSE,,,,,,,,,
Joe,Stutter (feat. Mystikal) - Double Take Remix,"pop, R&B",2000,0.767,0.759,213026,FALSE,,,,,,,,,
P.O.D.,Youth of the Nation,"rock, metal",2001,0.563,0.86,256240,FALSE,,,,,,,,,
Jennifer Lopez,Play,"hip hop, pop, R&B",2001,0.775,0.729,211493,TRUE,,,,,,,,,
Missy Elliott,Get Ur Freak On,"hip hop, pop, R&B",2001,0.797,0.75,211120,TRUE,,,,,,,,,
Ricky Martin,Nobody Wants to Be Lonely (with Christina Aguilera),"pop, latin",2008,0.635,0.854,252706,FALSE,,,,,,,,,
Christina Milian,AM To PM,"hip hop, pop, R&B",2001,0.872,0.868,231213,FALSE,,,,,,,,,
Roger Sanchez,Another Chance,Dance/Electronic,2000,0.61,0.82,452906,FALSE,,,,,,,,,
Gorillaz,Clint Eastwood,hip hop,2001,0.663,0.694,340920,TRUE,,,,,,,,,
2Pac,Until The End Of Time,hip hop,2001,0.757,0.706,266506,TRUE,,,,,,,,,
Tamia,Stranger in My House,"pop, R&B",2000,0.676,0.601,285386,FALSE,,,,,,,,,
Mary J. Blige,No More Drama,"pop, R&B",2001,0.653,0.837,326240,FALSE,,,,,,,,,
Jennifer Lopez,Love Don't Cost a Thing,"hip hop, pop, R&B",2001,0.786,0.842,221226,FALSE,,,,,,,,,
Jamiroquai,Little L,pop,2001,0.878,0.724,295400,FALSE,,,,,,,,,
Case,Missing You,"hip hop, pop, R&B",2001,0.612,0.579,284666,FALSE,,,,,,,,,
112,Peaches & Cream,"hip hop, pop, R&B",2001,0.677,0.52,193093,FALSE,,,,,,,,,
Five,Let's Dance - Radio Edit,pop,2001,0.631,0.821,218626,FALSE,,,,,,,,,
Rui Da Silva,Touch Me (Radio Edit) [feat. Cassandra],Dance/Electronic,2001,0.464,0.922,213133,FALSE,,,,,,,,,
Alien Ant Farm,Smooth Criminal,"rock, metal",2001,0.653,0.964,209266,FALSE,,,,,,,,,
Erick Sermon,Music (feat. Marvin Gaye),"hip hop, pop",2001,0.897,0.466,223133,TRUE,,,,,,,,,
D12,Purple Pills,"hip hop, pop, rock",2001,0.78,0.634,304506,TRUE,,,,,,,,,
Usher,Pop Ya Collar - Radio Edit,"hip hop, pop, R&B",2016,0.888,0.8,210813,FALSE,,,,,,,,,
Madonna,Don't Tell Me,pop,2000,0.699,0.618,280973,FALSE,,,,,,,,,
Blue,If You Come Back,pop,2001,0.582,0.707,207560,FALSE,,,,,,,,,
Atomic Kitten,Eternal Flame - Single Version,pop,2001,0.578,0.581,195506,FALSE,,,,,,,,,
Jagged Edge,Where the Party At (feat. Nelly),"hip hop, pop, R&B",2001,0.596,0.661,232573,FALSE,,,,,,,,,
Afroman,Because I Got High,hip hop,2001,0.802,0.341,197760,TRUE,,,,,,,,,
S Club 7,Don't Stop Movin',pop,2001,0.822,0.672,233626,FALSE,,,,,,,,,
Craig David,Fill Me In,"hip hop, pop, R&B",2000,0.682,0.744,257200,FALSE,,,,,,,,,
Nelly Furtado,Turn Off The Light,"hip hop, pop, latin",2000,0.587,0.679,276106,FALSE,,,,,,,,,
The Supermen Lovers,Starlight - Radio Edit,Dance/Electronic,2001,0.739,0.679,234400,FALSE,,,,,,,,,
Mis-Teeq,All I Want - Sunship Radio Edit,"pop, Dance/Electronic",2004,0.795,0.919,207400,FALSE,,,,,,,,,
Jagged Edge,Promise,"hip hop, pop, R&B",2000,0.751,0.568,246720,FALSE,,,,,,,,,
S Club 7,Have You Ever,pop,2001,0.585,0.702,201533,FALSE,,,,,,,,,
Enya,Only Time,"World/Traditional, Folk/Acoustic",2000,0.418,0.249,218546,FALSE,,,,,,,,,
Faith Hill,There You'll Be,"pop, country",2001,0.321,0.511,222120,FALSE,,,,,,,,,
Ronan Keating,Lovin' Each Day,"pop, rock",2000,0.541,0.899,212973,FALSE,,,,,,,,,
Destiny's Child,Bootylicious,"pop, R&B",2001,0.84,0.835,207906,FALSE,,,,,,,,,
Steps,It's the Way You Make Me Feel,"pop, Dance/Electronic",2000,0.573,0.665,197360,FALSE,,,,,,,,,
Sunshine Anderson,Heard It All Before,"pop, R&B",2001,0.697,0.925,295826,FALSE,,,,,,,,,
Lenny Kravitz,Again,"rock, pop",2000,0.55,0.804,231666,FALSE,,,,,,,,,
Daniel Bedingfield,Gotta Get Thru This - D'N'D Radio Edit,pop,2002,0.836,0.762,162333,FALSE,,,,,,,,,
DB Boulevard,Point Of View - Radio Edit,Dance/Electronic,2018,0.676,0.715,231166,FALSE,,,,,,,,,
Janet Jackson,All For You,"pop, R&B",2001,0.753,0.934,329933,FALSE,,,,,,,,,
Atomic Kitten,Whole Again,pop,2001,0.747,0.706,185013,FALSE,,,,,,,,,
Ja Rule,Livin' It Up,"hip hop, pop, R&B",2001,0.874,0.768,257066,FALSE,,,,,,,,,
Destiny's Child,"Independent Women, Pt. 1","pop, R&B",2001,0.73,0.602,221133,FALSE,,,,,,,,,
DJ Pied Piper & The Masters Of Ceremonies,Do You Really Like It? - Radio Edit,Dance/Electronic,2001,0.847,0.877,217120,FALSE,,,,,,,,,
Jennifer Lopez,I'm Real (feat. Ja Rule) - Murder Remix,"hip hop, pop, R&B",2001,0.708,0.587,262133,TRUE,,,,,,,,,
Musiq Soulchild,Love,"pop, R&B",2000,0.569,0.385,304666,FALSE,,,,,,,,,
So Solid Crew,21 Seconds,Dance/Electronic,2001,0.607,0.637,302826,TRUE,,,,,,,,,
Robbie Williams,Eternity,"pop, rock",2001,0.469,0.316,302760,FALSE,,,,,,,,,
Basement Jaxx,Romeo,"pop, Dance/Electronic",2001,0.713,0.829,217493,FALSE,,,,,,,,,
Ludacris,Southern Hospitality (Featuring Pharrell),"hip hop, pop",2000,0.623,0.896,300933,TRUE,,,,,,,,,
Gabrielle,Rise,"pop, R&B",2001,0.558,0.481,219093,FALSE,,,,,,,,,
Nelly,Ride Wit Me,"hip hop, pop, R&B",2000,0.85,0.7,291781,TRUE,,,,,,,,,
Trick Daddy,I'm a Thug,"hip hop, pop",2001,0.933,0.561,254400,TRUE,,,,,,,,,
Travis,Sing,"rock, pop",2001,0.33,0.905,228800,FALSE,,,,,,,,,
JAY-Z,Izzo (H.O.V.A.),hip hop,2001,0.618,0.844,240626,TRUE,,,,,,,,,
Gabrielle,Out Of Reach,"pop, R&B",2001,0.51,0.48,196986,FALSE,,,,,,,,,
OPM,Heaven Is a Halfpipe (If I Die),rock,2000,0.743,0.894,257426,TRUE,,,,,,,,,
K-Ci & JoJo,Crazy,"pop, R&B",2019,0.68,0.644,262773,FALSE,,,,,,,,,
Staind,It's Been Awhile,"rock, metal",2001,0.509,0.774,264706,TRUE,,,,,,,,,
3LW,No More (Baby I'ma Do Right),"pop, R&B",2000,0.721,0.723,263440,FALSE,,,,,,,,,
Ginuwine,Differences,"hip hop, pop, R&B",2001,0.562,0.594,265533,FALSE,,,,,,,,,
*NSYNC,Gone,pop,2001,0.699,0.403,292000,FALSE,,,,,,,,,
Lifehouse,Hanging By A Moment,"pop, rock, metal",2000,0.537,0.858,216360,FALSE,,,,,,,,,
Nelly,Dilemma,"hip hop, pop, R&B",2002,0.727,0.552,289160,TRUE,,,,,,,,,
Eminem,Without Me,hip hop,2002,0.908,0.669,290320,TRUE,,,,,,,,,
Avril Lavigne,Complicated,pop,2002,0.585,0.776,244506,FALSE,,,,,,,,,
Vanessa Carlton,A Thousand Miles,"Folk/Acoustic, pop",2002,0.56,0.825,237493,FALSE,,,,,,,,,
The Calling,Wherever You Will Go,pop,2001,0.558,0.719,208600,FALSE,,,,,,,,,
Shakira,Underneath Your Clothes,"pop, latin",2001,0.616,0.597,224066,FALSE,,,,,,,,,
No Doubt,Underneath It All,"rock, pop",2001,0.729,0.731,302720,FALSE,,,,,,,,,
Truth Hurts,Addictive,"pop, R&B",2002,0.701,0.677,226440,TRUE,,,,,,,,,
Busta Rhymes,I Know What You Want (feat. Flipmode Squad),"hip hop, pop",2002,0.648,0.759,324306,TRUE,,,,,,,,,
Eminem,'Till I Collapse,hip hop,2002,0.548,0.847,297786,TRUE,,,,,,,,,
Diddy,"I Need a Girl (Pt. 2) [feat. Loon, Ginuwine & Mario Winans]","hip hop, pop",2004,0.713,0.471,285586,FALSE,,,,,,,,,
Christina Milian,When You Look At Me - Radio Edit,"hip hop, pop, R&B",2001,0.955,0.839,222546,FALSE,,,,,,,,,
Madonna,Die Another Day,pop,2003,0.792,0.797,276360,FALSE,,,,,,,,,
Jennifer Lopez,I'm Gonna Be Alright (feat. Nas),"hip hop, pop, R&B",2002,0.718,0.69,172240,FALSE,,,,,,,,,
Angie Martinez,If I Could Go! (feat. Lil' Mo & Sacario),pop,2019,0.583,0.643,244466,FALSE,,,,,,,,,
Linkin Park,In the End,"rock, metal",2000,0.556,0.864,216880,FALSE,,,,,,,,,
Las Ketchup,The Ketchup Song (Aserejé) - Spanglish Version,set(),2002,0.607,0.923,213973,FALSE,,,,,,,,,
Aaliyah,Rock The Boat,"hip hop, pop, R&B",2019,0.641,0.72,275026,FALSE,,,,,,,,,
Holly Valance,Kiss Kiss,"pop, Dance/Electronic",2002,0.705,0.717,204400,FALSE,,,,,,,,,
Sugababes,Round Round,"pop, R&B",2002,0.74,0.845,236426,FALSE,,,,,,,,,
Marilyn Manson,Tainted Love,"rock, metal",2003,0.622,0.876,200426,FALSE,,,,,,,,,
Brandy,What About Us?,"hip hop, pop, R&B",2002,0.686,0.698,253200,FALSE,,,,,,,,,
Chad Kroeger,Hero (feat. Josey Scott),metal,2003,0.427,0.843,200480,FALSE,,,,,,,,,
Britney Spears,Overprotected - Radio Edit,pop,2001,0.682,0.894,198600,FALSE,,,,,,,,,
Scooter,The Logical Song,"pop, Dance/Electronic",2013,0.527,0.933,234116,FALSE,,,,,,,,,
Missy Elliott,4 My People (feat. Eve),"hip hop, pop, R&B",2001,0.969,0.701,289373,TRUE,,,,,,,,,
Aaliyah,More Than A Woman,"hip hop, pop, R&B",2002,0.646,0.638,230346,FALSE,,,,,,,,,
Brandy,Full Moon,"hip hop, pop, R&B",2002,0.611,0.654,248933,FALSE,,,,,,,,,
Blue,One Love,pop,2002,0.683,0.722,207186,FALSE,,,,,,,,,
Busta Rhymes,Pass The Courvoisier Part II (feat. P. Diddy & Pharrell) - Remix,"hip hop, pop",2001,0.697,0.793,238600,TRUE,,,,,,,,,
Céline Dion,A New Day Has Come - Radio Remix,pop,2001,0.574,0.691,259773,FALSE,,,,,,,,,
Scooter,Nessaja,"pop, Dance/Electronic",2013,0.486,0.904,208449,FALSE,,,,,,,,,
Eve,Gangsta Lovin',"hip hop, pop, R&B",2002,0.723,0.84,239266,TRUE,,,,,,,,,
Disturbing Tha Peace,Move Bitch,"hip hop, pop",2002,0.777,0.751,272293,TRUE,,,,,,,,,
Khia,"My Neck, My Back (Lick It)","pop, R&B",2015,0.859,0.625,222560,TRUE,,,,,,,,,
Tweet,Oops (Oh My) [feat. Missy Elliott],"hip hop, pop, R&B",2002,0.66,0.536,237800,TRUE,,,,,,,,,
Kylie Minogue,Spinning Around,"pop, Dance/Electronic",2000,0.761,0.662,207866,FALSE,,,,,,,,,
Nelly,Hot In Herre,"hip hop, pop, R&B",2002,0.956,0.745,228240,TRUE,,,,,,,,,
Gareth Gates,Anyone of Us (Stupid Mistake),pop,2003,0.7,0.72,227866,FALSE,,,,,,,,,
Christina Aguilera,Dirrty (feat. Redman),pop,2002,0.64,0.889,298853,FALSE,,,,,,,,,
B2K,Uh Huh,"hip hop, pop, R&B",2002,0.855,0.681,223293,FALSE,,,,,,,,,
Sugababes,Freak Like Me,"pop, R&B",2002,0.517,0.919,195866,FALSE,,,,,,,,,
Dirty Vegas,Days Go By,Dance/Electronic,2002,0.786,0.853,432146,FALSE,,,,,,,,,
Fat Joe,What's Luv? (feat. Ja-Rule & Ashanti),"hip hop, pop",2001,0.835,0.707,267093,TRUE,,,,,,,,,
Liberty X,Just A Little,pop,2019,0.786,0.614,237359,FALSE,,,,,,,,,
No Doubt,Hella Good,"rock, pop",2001,0.771,0.665,242586,FALSE,,,,,,,,,
LL Cool J,Luv U Better,"hip hop, pop, R&B",2002,0.668,0.806,287000,FALSE,,,,,,,,,
Red Hot Chili Peppers,Can't Stop,rock,2002,0.618,0.938,269000,FALSE,,,,,,,,,
Musiq Soulchild,Halfcrazy,"pop, R&B",2002,0.412,0.77,254493,FALSE,,,,,,,,,
Sean Paul,Gimme the Light,"hip hop, pop",2002,0.778,0.761,228000,TRUE,,,,,,,,,
Faith Evans,I Love You,"hip hop, pop, R&B",2001,0.489,0.757,267160,FALSE,,,,,,,,,
Charli Baltimore,Down 4 U,pop,2002,0.64,0.59,318213,TRUE,,,,,,,,,
Kylie Minogue,Love at First Sight,"pop, Dance/Electronic",2001,0.603,0.774,238266,FALSE,,,,,,,,,
N.O.R.E.,Nothin',"hip hop, pop",2002,0.791,0.863,264653,TRUE,,,,,,,,,
Gareth Gates,Unchained Melody,pop,2003,0.368,0.426,233666,FALSE,,,,,,,,,
Diddy,I Need a Girl (Pt. 1) [feat. Usher & Loon],"hip hop, pop",2005,0.66,0.707,268800,FALSE,,,,,,,,,
Big Brovaz,Nu Flow,pop,2001,0.783,0.726,201480,FALSE,,,,,,,,,
No Doubt,Hey Baby,"rock, pop",2001,0.705,0.872,207040,FALSE,,,,,,,,,
Ashanti,Baby,"hip hop, pop, R&B",2002,0.567,0.58,265706,TRUE,,,,,,,,,
Sophie Ellis-Bextor,Murder On The Dancefloor,"pop, Dance/Electronic",2002,0.734,0.848,230013,FALSE,,,,,,,,,
Justin Timberlake,Like I Love You,pop,2002,0.853,0.811,283626,FALSE,,,,,,,,,
Mary J. Blige,Rainy Dayz,"pop, R&B",2001,0.412,0.667,276373,FALSE,,,,,,,,,
A1,Caught in the Middle,pop,2001,0.519,0.874,206466,FALSE,,,,,,,,,
Eminem,Cleanin' Out My Closet,hip hop,2002,0.908,0.758,297840,TRUE,,,,,,,,,
Ashanti,Happy,"hip hop, pop, R&B",2002,0.727,0.515,262226,TRUE,,,,,,,,,
Delta Goodrem,Born to Try,pop,2003,0.542,0.589,251280,FALSE,,,,,,,,,
P!nk,Get the Party Started,pop,2001,0.802,0.903,192533,FALSE,,,,,,,,,
Alicia Keys,A Woman's Worth,"pop, R&B",2001,0.652,0.41,303333,FALSE,,,,,,,,,
Daniel Bedingfield,Gotta Get Thru This - D'N'D Radio Edit,pop,2002,0.838,0.764,161240,FALSE,,,,,,,,,
Coldplay,Clocks,"rock, pop",2002,0.577,0.749,307879,FALSE,,,,,,,,,
Missy Elliott,Work It,"hip hop, pop, R&B",2002,0.884,0.677,263226,TRUE,,,,,,,,,
Ronan Keating,If Tomorrow Never Comes,"pop, rock",2002,0.555,0.496,214306,FALSE,,,,,,,,,
Big Tymers,Still Fly,"hip hop, pop",2002,0.675,0.607,335613,TRUE,,,,,,,,,
Creed,My Sacrifice,"pop, rock, metal",2001,0.32,0.88,294600,FALSE,,,,,,,,,
Ja Rule,Always On Time,"hip hop, pop, R&B",2001,0.839,0.706,245133,TRUE,,,,,,,,,
Ashanti,Foolish,"hip hop, pop, R&B",2002,0.665,0.695,227386,TRUE,,,,,,,,,
Avril Lavigne,Sk8er Boi,pop,2002,0.487,0.9,204000,FALSE,,,,,,,,,
DJ Sammy,Heaven,pop,2002,0.571,0.953,233600,FALSE,,,,,,,,,
Britney Spears,"I'm Not a Girl, Not Yet a Woman",pop,2001,0.534,0.543,231066,FALSE,,,,,,,,,
Cam’ron,Oh Boy,"hip hop, pop",2002,0.754,0.767,204706,TRUE,,,,,,,,,
Red Hot Chili Peppers,By the Way,rock,2002,0.451,0.97,216933,FALSE,,,,,,,,,
Elvis Presley,A Little Less Conversation - JXL Radio Edit Remix,"rock, easy listening",2002,0.597,0.97,211506,FALSE,,,,,,,,,
Atomic Kitten,The Tide Is High - Radio Mix,pop,2002,0.783,0.649,206093,FALSE,,,,,,,,,
*NSYNC,Girlfriend,pop,2001,0.745,0.807,253600,FALSE,,,,,,,,,
Robbie Williams,Somethin' Stupid,"pop, rock",2001,0.654,0.515,170493,FALSE,,,,,,,,,
Alanis Morissette,Hands Clean,"pop, Folk/Acoustic",2002,0.513,0.82,269400,FALSE,,,,,,,,,
Usher,U Don't Have to Call,"hip hop, pop, R&B",2001,0.793,0.568,269400,TRUE,,,,,,,,,
Creed,One Last Breath - Radio Version,"pop, rock, metal",2015,0.38,0.725,242000,FALSE,,,,,,,,,
The Goo Goo Dolls,Here Is Gone,"pop, rock",2002,0.338,0.685,238173,FALSE,,,,,,,,,
Puddle Of Mudd,She Hates Me,"rock, metal",2001,0.58,0.748,216760,TRUE,,,,,,,,,
Ludacris,Rollout (My Business),"hip hop, pop",2001,0.921,0.668,296586,TRUE,,,,,,,,,
Blazin' Squad,Crossroads - Radio Edit,set(),2012,0.661,0.746,188693,FALSE,,,,,,,,,
Default,Wasting My Time,"rock, pop, metal",2001,0.443,0.769,268693,FALSE,,,,,,,,,
Michelle Branch,All You Wanted,"pop, Folk/Acoustic",2001,0.499,0.72,217680,FALSE,,,,,,,,,
Daniel Bedingfield,If You're Not The One,pop,2002,0.688,0.538,257026,FALSE,,,,,,,,,
Enrique Iglesias,Escape,"pop, latin",2001,0.776,0.844,208626,FALSE,,,,,,,,,
Puddle Of Mudd,Blurry,"rock, metal",2001,0.432,0.936,303920,FALSE,,,,,,,,,
Coldplay,In My Place,"rock, pop",2002,0.424,0.588,226680,FALSE,,,,,,,,,
Outkast,The Whole World (feat. Killer Mike),"hip hop, pop",2001,0.814,0.852,295346,TRUE,,,,,,,,,
P!nk,Don't Let Me Get Me - Radio Edit,pop,2001,0.624,0.85,210693,FALSE,,,,,,,,,
50 Cent,In Da Club,"hip hop, pop",2003,0.899,0.713,193466,TRUE,,,,,,,,,
Sean Paul,Get Busy,"hip hop, pop",2002,0.735,0.824,211666,FALSE,,,,,,,,,
Eminem,"Lose Yourself - From ""8 Mile"" Soundtrack",hip hop,2004,0.686,0.735,322226,TRUE,,,,,,,,,
Beyoncé,Crazy In Love (feat. Jay-Z),"pop, R&B",2003,0.646,0.77,236133,FALSE,,,,,,,,,
Counting Crows,Big Yellow Taxi,"rock, pop",2003,0.669,0.873,225426,FALSE,,,,,,,,,
Black Eyed Peas,Where Is The Love?,"hip hop, pop",2003,0.835,0.687,272533,FALSE,,,,,,,,,
Jennifer Lopez,Jenny from the Block (feat. Jadakiss & Styles P.) - Track Masters Remix,"hip hop, pop, R&B",2002,0.845,0.768,187840,FALSE,,,,,,,,,
Black Eyed Peas,Shut Up,"hip hop, pop",2003,0.81,0.714,296186,FALSE,,,,,,,,,
t.A.T.u.,All The Things She Said,pop,2020,0.527,0.834,214440,TRUE,,,,,,,,,
Benny Benassi,Satisfaction (Isak Original Extended) - Benny Benassi Presents The Biz,"pop, Dance/Electronic",2003,0.793,0.698,285570,FALSE,,,,,,,,,
Busta Rhymes,I Know What You Want (feat. Flipmode Squad),"hip hop, pop",2002,0.648,0.759,324306,TRUE,,,,,,,,,
Panjabi MC,Mundian to Bach Ke,"World/Traditional, hip hop",2003,0.778,0.879,244666,FALSE,,,,,,,,,
Mis-Teeq,Scandalous - U.S. Radio Edit,"pop, Dance/Electronic",2004,0.734,0.668,238840,FALSE,,,,,,,,,
JAY-Z,03' Bonnie & Clyde,hip hop,2002,0.759,0.678,205560,TRUE,,,,,,,,,
50 Cent,P.I.M.P.,"hip hop, pop",2003,0.712,0.772,249480,TRUE,,,,,,,,,
Jamelia,Superstar,pop,2003,0.801,0.645,215480,FALSE,,,,,,,,,
Linkin Park,Faint,"rock, metal",2003,0.554,0.978,162600,FALSE,,,,,,,,,
DMX,X Gon' Give It To Ya,"hip hop, pop",2007,0.761,0.899,217586,TRUE,,,,,,,,,
Evanescence,Bring Me To Life,metal,2003,0.331,0.943,235893,FALSE,,,,,,,,,
Sugababes,Hole In The Head,"pop, R&B",2003,0.785,0.933,218173,FALSE,,,,,,,,,
Craig David,Rise & Fall (feat. Sting),"hip hop, pop, R&B",2002,0.405,0.589,287226,FALSE,,,,,,,,,
Three Days Grace,I Hate Everything About You,"rock, metal",2003,0.498,0.83,231480,FALSE,,,,,,,,,
Lil Jon & The East Side Boyz,Get Low,"hip hop, pop",2002,0.78,0.604,324600,FALSE,,,,,,,,,
B2K,"Bump, Bump, Bump (feat. P. Diddy)","hip hop, pop, R&B",2003,0.835,0.68,282773,FALSE,,,,,,,,,
Baby Bash,Suga Suga,"hip hop, pop, R&B, latin",2003,0.662,0.748,239026,FALSE,,,,,,,,,
Aaliyah,Miss You - Main,"hip hop, pop, R&B",2002,0.602,0.34,245240,FALSE,,,,,,,,,
Britney Spears,Me Against the Music (feat. Madonna) - LP Version / Video Mix,pop,2003,0.804,0.836,223773,FALSE,,,,,,,,,
Blue,Sorry Seems To Be The Hardest Word,pop,2004,0.564,0.6,210066,FALSE,,,,,,,,,
Delta Goodrem,Lost Without You,pop,2003,0.581,0.747,248546,FALSE,,,,,,,,,
Justin Timberlake,Rock Your Body,pop,2002,0.892,0.714,267266,FALSE,,,,,,,,,
The White Stripes,Seven Nation Army,"rock, blues",2003,0.741,0.469,231920,FALSE,,,,,,,,,
Youngbloodz,Damn! (feat. Lil' Jon) - Club Mix,"hip hop, pop",2003,0.772,0.724,298600,TRUE,,,,,,,,,
Beyoncé,Baby Boy (feat. Sean Paul),"pop, R&B",2003,0.655,0.488,244826,FALSE,,,,,,,,,
Lil' Kim,Magic Stick,"hip hop, pop, R&B",2019,0.849,0.498,359973,TRUE,,,,,,,,,
Christina Aguilera,Can't Hold Us Down (feat. Lil' Kim),pop,2002,0.859,0.658,255266,FALSE,,,,,,,,,
Nickelback,Someday,"rock, metal",2003,0.455,0.858,207466,FALSE,,,,,,,,,
Blue,U Make Me Wanna - Radio Edit,pop,2003,0.6,0.736,222400,FALSE,,,,,,,,,
Ashanti,Rain On Me,"hip hop, pop, R&B",2003,0.606,0.699,297960,FALSE,,,,,,,,,
Trapt,Headstrong,"rock, metal",2002,0.492,0.896,285569,TRUE,,,,,,,,,
Simply Red,Sunrise,"rock, R&B, Folk/Acoustic, pop",2008,0.791,0.733,199040,FALSE,,,,,,,,,
Lumidee,"Never Leave You (Uh Oooh, Uh Oooh)","pop, R&B",2003,0.811,0.657,184906,FALSE,,,,,,,,,
Girls Aloud,Sound Of The Underground,"pop, Dance/Electronic",2003,0.568,0.867,221426,FALSE,,,,,,,,,
Nelly,Shake Ya Tailfeather (feat. P. Diddy & Murphy Lee) - 2016 Remaster,"hip hop, pop, R&B",2016,0.527,0.808,293666,FALSE,,,,,,,,,
Room 5,Make Luv,Dance/Electronic,2003,0.883,0.887,212413,FALSE,,,,,,,,,
Fatman Scoop,Be Faithful,hip hop,2009,0.649,0.713,164506,TRUE,,,,,,,,,
Limp Bizkit,Behind Blue Eyes,metal,2003,0.595,0.489,269973,FALSE,,,,,,,,,
Sugababes,Too Lost In You,"pop, R&B",2003,0.586,0.705,237693,FALSE,,,,,,,,,
50 Cent,"Wanksta - From ""8 Mile"" Soundtrack","hip hop, pop",2003,0.802,0.863,219400,TRUE,,,,,,,,,
Pharrell Williams,Frontin' (feat. Jay-Z) - Club Mix,"hip hop, pop",2003,0.894,0.404,236506,TRUE,,,,,,,,,
Chingy,Right Thurr,"hip hop, pop, R&B",2003,0.866,0.749,250746,TRUE,,,,,,,,,
Eminem,Sing For The Moment,hip hop,2002,0.668,0.824,339546,TRUE,,,,,,,,,
Lil' Kim,The Jump Off (feat. Mr. Cheeks) - Remix,"hip hop, pop, R&B",2003,0.853,0.752,234800,TRUE,,,,,,,,,
Mýa,My Love Is Like...Wo - Main Mix,"pop, R&B",2003,0.831,0.695,209533,FALSE,,,,,,,,,
50 Cent,21 Questions,"hip hop, pop",2003,0.646,0.813,224440,TRUE,,,,,,,,,
Nelly,Air Force Ones,"hip hop, pop, R&B",2002,0.784,0.459,304000,TRUE,,,,,,,,,
Missy Elliott,Gossip Folks (feat. Ludacris),"hip hop, pop, R&B",2002,0.707,0.538,234893,TRUE,,,,,,,,,
Girls Aloud,Jump,"pop, Dance/Electronic",2003,0.658,0.826,220360,FALSE,,,,,,,,,
Ultrabeat,Pretty Green Eyes - Radio Edit,"pop, Dance/Electronic",2003,0.553,0.775,201920,FALSE,,,,,,,,,
Christina Aguilera,Fighter,pop,2002,0.435,0.92,245960,FALSE,,,,,,,,,
Frankie J,Don't Wanna Try,"hip hop, pop, R&B",2003,0.655,0.433,245293,FALSE,,,,,,,,,
Snoop Dogg,Beautiful,"hip hop, pop",2005,0.893,0.74,299146,TRUE,,,,,,,,,
Floetry,Say Yes,"hip hop, pop, R&B",2002,0.747,0.398,268373,FALSE,,,,,,,,,
Ginuwine,In Those Jeans,"hip hop, pop, R&B",2003,0.691,0.541,243306,TRUE,,,,,,,,,
Electric Six,Danger! High Voltage - Soulchild Radio Mix,rock,2003,0.66,0.698,214600,FALSE,,,,,,,,,
Rachel Stevens,Sweet Dreams My LA Ex - Radio Edit,"pop, Dance/Electronic",2003,0.85,0.862,208386,FALSE,,,,,,,,,
Ludacris,Stand Up,"hip hop, pop",2003,0.751,0.84,213760,TRUE,,,,,,,,,
Nas,I Can,hip hop,2002,0.837,0.885,253720,FALSE,,,,,,,,,
3 Doors Down,When I'm Gone,"pop, rock, metal",2002,0.53,0.768,260333,FALSE,,,,,,,,,
Tyrese,How You Gonna Act Like That,"hip hop, pop, R&B",2002,0.733,0.521,294693,FALSE,,,,,,,,,
Justin Timberlake,Cry Me a River,pop,2002,0.624,0.654,288333,FALSE,,,,,,,,,
Westlife,Mandy,pop,2003,0.447,0.636,199320,FALSE,,,,,,,,,
No Doubt,It's My Life,"rock, pop",2003,0.612,0.735,226053,FALSE,,,,,,,,,
Amanda Perez,Angel,"pop, R&B",2003,0.638,0.54,218760,FALSE,,,,,,,,,
JAY-Z,Excuse Me Miss,hip hop,2002,0.714,0.862,281240,TRUE,,,,,,,,,
Coldplay,Clocks,"rock, pop",2002,0.577,0.749,307879,FALSE,,,,,,,,,
Kelly Rowland,Stole,"hip hop, pop, R&B",2002,0.649,0.718,249293,FALSE,,,,,,,,,
Missy Elliott,Work It,"hip hop, pop, R&B",2002,0.884,0.677,263226,TRUE,,,,,,,,,
Ashanti,Rock Wit U (Awww Baby),"hip hop, pop, R&B",2003,0.71,0.797,209120,FALSE,,,,,,,,,
Junior Senior,Move Your Feet,pop,2002,0.747,0.904,181826,FALSE,,,,,,,,,
Audioslave,Like a Stone,"rock, metal",2002,0.614,0.568,293960,FALSE,,,,,,,,,
Sean Paul,Like Glue,"hip hop, pop",2002,0.757,0.78,232506,FALSE,,,,,,,,,
Jaheim,Put That Woman First,"pop, R&B",2002,0.649,0.536,245773,TRUE,,,,,,,,,
Jennifer Lopez,All I Have (feat. LL Cool J),"hip hop, pop, R&B",2002,0.701,0.669,254466,FALSE,,,,,,,,,
Monica,So Gone,"pop, R&B",2003,0.618,0.552,242773,FALSE,,,,,,,,,
Dido,White Flag,pop,2003,0.512,0.525,240040,FALSE,,,,,,,,,
The Roots,The Seed (2.0),hip hop,2002,0.758,0.957,267933,TRUE,,,,,,,,,
Chingy,Holidae In,"hip hop, pop, R&B",2003,0.81,0.791,314400,TRUE,,,,,,,,,
Fabolous,Can't Let You Go (feat. Mike Shorey & Lil' Mo),"hip hop, pop, R&B",2003,0.646,0.6,223973,TRUE,,,,,,,,,
Kelly Clarkson,Miss Independent,"pop, R&B",2003,0.656,0.615,214773,FALSE,,,,,,,,,
Ja Rule,Mesmerize,"hip hop, pop, R&B",2002,0.769,0.646,278693,TRUE,,,,,,,,,
Matchbox Twenty,Unwell,"pop, rock",2002,0.256,0.788,228706,FALSE,,,,,,,,,
Outkast,The Way You Move (feat. Sleepy Brown),"hip hop, pop",2003,0.871,0.597,234000,TRUE,,,,,,,,,
Fabolous,Into You (feat. Tamia),"hip hop, pop, R&B",2003,0.546,0.538,295773,TRUE,,,,,,,,,
Switchfoot,Meant to Live,"rock, pop",2003,0.397,0.903,201373,FALSE,,,,,,,,,
Daniel Bedingfield,If You're Not The One,pop,2002,0.688,0.538,257026,FALSE,,,,,,,,,
Good Charlotte,Lifestyles of the Rich & Famous,"rock, metal",2002,0.62,0.93,190173,FALSE,,,,,,,,,
Wayne Wonder,No Letting Go,"hip hop, R&B",2003,0.496,0.819,202013,FALSE,,,,,,,,,
The Strokes,Reptilia,rock,2003,0.489,0.649,219826,FALSE,,,,,,,,,
Avril Lavigne,I'm with You,pop,2002,0.457,0.406,223066,FALSE,,,,,,,,,
Will Young,Leave Right Now,pop,2003,0.641,0.445,214733,FALSE,,,,,,,,,
Usher,Yeah! (feat. Lil Jon & Ludacris),"hip hop, pop, R&B",2004,0.894,0.791,250373,FALSE,,,,,,,,,
Maroon 5,This Love,pop,2002,0.712,0.862,206200,FALSE,,,,,,,,,
Britney Spears,Toxic,pop,2003,0.774,0.838,198800,FALSE,,,,,,,,,
Outkast,Hey Ya!,"hip hop, pop",2003,0.727,0.974,235213,FALSE,,,,,,,,,
Hoobastank,The Reason,"pop, rock, metal",2003,0.472,0.671,232800,FALSE,,,,,,,,,
Anastacia,Left Outside Alone,pop,2004,0.663,0.746,257426,FALSE,,,,,,,,,
Daddy Yankee,Gasolina,latin,2004,0.857,0.801,192600,FALSE,,,,,,,,,
Black Eyed Peas,Let's Get It Started - Spike Mix,"hip hop, pop",2004,0.785,0.799,217733,FALSE,,,,,,,,,
O-Zone,Dragostea Din Tei,pop,2004,0.809,0.965,215431,FALSE,,,,,,,,,
Terror Squad,Lean Back,hip hop,2004,0.783,0.916,247426,TRUE,,,,,,,,,
Anastacia,Sick and Tired,pop,1999,0.598,0.868,212266,FALSE,,,,,,,,,
Gwen Stefani,What You Waiting For?,"pop, R&B",2004,0.676,0.948,221226,FALSE,,,,,,,,,
Ashanti,Only U - No Intro,"hip hop, pop, R&B",2004,0.601,0.621,186306,FALSE,,,,,,,,,
The Rasmus,In the Shadows,metal,2003,0.6,0.796,257920,FALSE,,,,,,,,,
Houston,I Like That,"hip hop, pop",2004,0.797,0.502,236520,FALSE,,,,,,,,,
Beyoncé,Naughty Girl,"pop, R&B",2003,0.735,0.466,208600,FALSE,,,,,,,,,
Linkin Park,Numb,"rock, metal",2003,0.496,0.863,185586,FALSE,,,,,,,,,
Lloyd Banks,On Fire,"hip hop, pop",2004,0.759,0.825,187280,TRUE,,,,,,,,,
Akon,Locked Up,pop,2004,0.818,0.579,235066,TRUE,,,,,,,,,
D12,My Band,"hip hop, pop, rock",2004,0.851,0.849,298773,TRUE,,,,,,,,,
Jay Sean,Eyes On You - Radio Mix,"hip hop, pop, R&B",2004,0.802,0.672,190493,FALSE,,,,,,,,,
Mario Winans,I Don't Wanna Know (feat. Enya & P. Diddy) - 2016 Remaster,pop,2016,0.833,0.515,257333,FALSE,,,,,,,,,
Destiny's Child,Lose My Breath,"pop, R&B",2004,0.814,0.899,242013,FALSE,,,,,,,,,
Eric Prydz,Call on Me - Radio Mix,"pop, Dance/Electronic",2004,0.597,0.837,171360,FALSE,,,,,,,,,
Ciara,Goodies (feat. Petey Pablo),"pop, R&B",2004,0.826,0.647,223000,FALSE,,,,,,,,,
Kelis,Trick Me,"pop, R&B, Dance/Electronic",2003,0.97,0.72,206106,TRUE,,,,,,,,,
LL Cool J,Headsprung,"hip hop, pop, R&B",2004,0.718,0.786,267320,FALSE,,,,,,,,,
Spiderbait,Black Betty - Edit,rock,2004,0.562,0.865,205973,FALSE,,,,,,,,,
George Michael,Amazing,set(),2004,0.805,0.754,265826,FALSE,,,,,,,,,
Britney Spears,My Prerogative,pop,2004,0.749,0.938,213893,FALSE,,,,,,,,,
Nina Sky,Move Ya Body,"pop, R&B",2004,0.87,0.712,232000,FALSE,,,,,,,,,
Baby Bash,Suga Suga,"hip hop, pop, R&B, latin",2003,0.662,0.748,239026,FALSE,,,,,,,,,
Petey Pablo,Freek-A-Leek,"hip hop, pop",2003,0.737,0.697,235186,TRUE,,,,,,,,,
JAY-Z,Dirt Off Your Shoulder,hip hop,2003,0.779,0.655,245173,TRUE,,,,,,,,,
Juanes,La Camisa Negra,"pop, latin",2004,0.751,0.731,216706,FALSE,,,,,,,,,
Avril Lavigne,Nobody's Home,pop,2004,0.348,0.907,212413,FALSE,,,,,,,,,
Robbie Williams,Radio,"pop, rock",2004,0.607,0.874,233600,FALSE,,,,,,,,,
Black Eyed Peas,Hey Mama,"hip hop, pop",2003,0.86,0.866,214893,TRUE,,,,,,,,,
Ying Yang Twins,Salt Shaker,"hip hop, pop",2003,0.884,0.697,252440,TRUE,,,,,,,,,
Enrique Iglesias,Not In Love - Radio Mix,"pop, latin",2003,0.762,0.885,223133,FALSE,,,,,,,,,
Kelis,Milkshake,"pop, R&B, Dance/Electronic",2003,0.881,0.774,182626,FALSE,,,,,,,,,
Linkin Park,Breaking the Habit,"rock, metal",2003,0.579,0.849,196906,FALSE,,,,,,,,,
JoJo,Leave (Get Out) - Radio Edit,"hip hop, pop, R&B",2005,0.656,0.513,242746,FALSE,,,,,,,,,
Christina Milian,Dip It Low,"hip hop, pop, R&B",2004,0.752,0.722,197186,FALSE,,,,,,,,,
Avant,Read Your Mind,"pop, R&B",2003,0.755,0.381,263506,FALSE,,,,,,,,,
Eminem,Just Lose It,hip hop,2004,0.94,0.633,248680,TRUE,,,,,,,,,
Sugababes,Too Lost In You,"pop, R&B",2003,0.586,0.705,237693,FALSE,,,,,,,,,
Snoop Dogg,Drop It Like It's Hot,"hip hop, pop",2004,0.892,0.628,266066,TRUE,,,,,,,,,
Sean Paul,I'm Still in Love with You (feat. Sasha),"hip hop, pop",2002,0.765,0.666,273360,FALSE,,,,,,,,,
The Shapeshifters,Lola's Theme - Radio Edit,Dance/Electronic,2004,0.748,0.845,207066,FALSE,,,,,,,,,
D12,How Come,"hip hop, pop, rock",2004,0.745,0.858,249533,TRUE,,,,,,,,,
Basement Jaxx,Good Luck,"pop, Dance/Electronic",2003,0.571,0.968,282306,FALSE,,,,,,,,,
Kevin Lyttle,Turn Me On,hip hop,2004,0.677,0.682,192106,FALSE,,,,,,,,,
Chingy,One Call Away,"hip hop, pop, R&B",2003,0.765,0.821,276800,FALSE,,,,,,,,,
T.I.,Bring Em Out,"hip hop, pop",2004,0.759,0.891,216706,TRUE,,,,,,,,,
DJ Casper,Cha Cha Slide - Hardino Mix,set(),2004,0.853,0.911,222146,FALSE,,,,,,,,,
Kylie Minogue,I Believe in You,"pop, Dance/Electronic",2004,0.548,0.785,200973,FALSE,,,,,,,,,
Twista,Overnight Celebrity,"hip hop, pop, R&B",2004,0.828,0.792,233360,TRUE,,,,,,,,,
N.E.R.D,She Wants To Move,hip hop,2004,0.766,0.851,213786,FALSE,,,,,,,,,
Britney Spears,Everytime,pop,2003,0.398,0.284,230306,FALSE,,,,,,,,,
U2,Vertigo,"World/Traditional, rock",2004,0.416,0.819,193520,FALSE,,,,,,,,,
Franz Ferdinand,Take Me Out,rock,2004,0.277,0.663,237026,FALSE,,,,,,,,,
J-Kwon,Tipsy - Club Mix,"hip hop, pop",2001,0.925,0.741,247106,TRUE,,,,,,,,,
G-Unit,Wanna Get To Know You,"hip hop, pop",2003,0.513,0.826,265026,TRUE,,,,,,,,,
Lil' Flip,Sunshine (feat. Lea),"hip hop, pop",2004,0.814,0.387,225173,TRUE,,,,,,,,,
Kanye West,Jesus Walks,hip hop,2004,0.637,0.834,193733,TRUE,,,,,,,,,
Evanescence,My Immortal,metal,2003,0.19,0.265,262533,FALSE,,,,,,,,,
Nelly,My Place,"hip hop, pop, R&B",2004,0.6,0.641,336506,TRUE,,,,,,,,,
Lemar,If There's Any Justice,R&B,2004,0.706,0.665,229080,FALSE,,,,,,,,,
No Doubt,It's My Life,"rock, pop",2003,0.612,0.735,226053,FALSE,,,,,,,,,
Avril Lavigne,Don't Tell Me,pop,2004,0.523,0.795,202013,FALSE,,,,,,,,,
Twista,Slow Jamz,"hip hop, pop, R&B",2004,0.559,0.733,316053,TRUE,,,,,,,,,
Green Day,American Idiot,rock,2004,0.38,0.988,176346,TRUE,,,,,,,,,
Kelis,Millionaire,"pop, R&B, Dance/Electronic",2003,0.68,0.847,224933,FALSE,,,,,,,,,
Scissor Sisters,Comfortably Numb,"pop, rock, Dance/Electronic",2004,0.803,0.924,266040,FALSE,,,,,,,,,
Alicia Keys,Diary (feat. Tony! Toni! Tone! & Jermaine Paul),"pop, R&B",2003,0.663,0.465,284160,FALSE,,,,,,,,,
Kanye West,Through The Wire,hip hop,2004,0.571,0.739,221226,TRUE,,,,,,,,,
Special D.,Come With Me - Radio Edit,pop,2004,0.739,0.999,185133,FALSE,,,,,,,,,
Ludacris,Splash Waterfalls,"hip hop, pop",2003,0.734,0.846,290760,TRUE,,,,,,,,,
Avril Lavigne,My Happy Ending,pop,2004,0.414,0.936,242413,TRUE,,,,,,,,,
Dido,White Flag,pop,2003,0.512,0.525,240040,FALSE,,,,,,,,,
Eamon,Fuck It (I Don't Want You Back),set(),2004,0.828,0.653,225106,TRUE,,,,,,,,,
Beyoncé,"Me, Myself and I","pop, R&B",2003,0.75,0.458,301133,FALSE,,,,,,,,,
3 Doors Down,Here Without You,"pop, rock, metal",2002,0.557,0.533,238733,FALSE,,,,,,,,,
Kanye West,All Falls Down,hip hop,2004,0.657,0.734,223506,TRUE,,,,,,,,,
Twista,Sunshine (feat. Anthony Hamilton),"hip hop, pop, R&B",2004,0.926,0.888,226013,TRUE,,,,,,,,,
Katie Melua,The Closest Thing to Crazy,"pop, easy listening, jazz",2003,0.562,0.219,252466,FALSE,,,,,,,,,
Usher,My Boo,"hip hop, pop, R&B",2004,0.662,0.507,223440,FALSE,,,,,,,,,
Lloyd,Southside,"hip hop, pop, R&B",2004,0.688,0.404,277840,FALSE,,,,,,,,,
LMC,Take Me To The Clouds Above - LMC Vs. U2 / Radio Edit,Dance/Electronic,2004,0.668,0.905,171546,FALSE,,,,,,,,,
The Streets,Fit but You Know It,"hip hop, Dance/Electronic",2004,0.68,0.844,254266,TRUE,,,,,,,,,
JUVENILE,Slow Motion,"hip hop, pop",2003,0.713,0.734,248200,TRUE,,,,,,,,,
Outkast,The Way You Move (feat. Sleepy Brown),"hip hop, pop",2003,0.871,0.597,234000,TRUE,,,,,,,,,
Girls Aloud,Love Machine,"pop, Dance/Electronic",2004,0.663,0.95,205360,FALSE,,,,,,,,,
Jessica Simpson,With You,"pop, R&B",2003,0.553,0.756,191826,FALSE,,,,,,,,,
Eminem,Like Toy Soldiers,hip hop,2004,0.52,0.768,296880,TRUE,,,,,,,,,
Gary Jules,Mad World (Feat. Michael Andrews),pop,2001,0.345,0.0581,189506,FALSE,,,,,,,,,
Ashlee Simpson,Pieces Of Me,pop,2004,0.505,0.799,217440,FALSE,,,,,,,,,
Will Young,Leave Right Now,pop,2003,0.641,0.445,214733,FALSE,,,,,,,,,
Alicia Keys,You Don't Know My Name,"pop, R&B",2003,0.264,0.663,366733,FALSE,,,,,,,,,
Mariah Carey,We Belong Together,"pop, R&B",2005,0.84,0.476,201400,FALSE,,,,,,,,,
Mario,Let Me Love You,"pop, R&B",2004,0.656,0.578,256733,FALSE,,,,,,,,,
Kanye West,Gold Digger,hip hop,2005,0.629,0.696,207626,TRUE,,,,,,,,,
Rihanna,Pon de Replay,"hip hop, pop, R&B",2005,0.779,0.64,246960,FALSE,,,,,,,,,
50 Cent,Candy Shop,"hip hop, pop",2005,0.614,0.574,209106,TRUE,,,,,,,,,
James Blunt,You're Beautiful,pop,2005,0.675,0.479,209493,TRUE,,,,,,,,,
Green Day,Boulevard of Broken Dreams,rock,2004,0.49,0.679,261266,TRUE,,,,,,,,,
The Pussycat Dolls,Don't Cha,"pop, R&B",2005,0.875,0.631,272080,FALSE,,,,,,,,,
Daniel Powter,Bad Day,pop,2005,0.599,0.785,233640,FALSE,,,,,,,,,
Akon,Bananza (Belly Dancer),pop,2004,0.878,0.699,238493,FALSE,,,,,,,,,
Madonna,Hung Up,pop,2005,0.649,0.647,337733,FALSE,,,,,,,,,
50 Cent,Just A Lil Bit,"hip hop, pop",2005,0.489,0.692,237706,TRUE,,,,,,,,,
Crazy Frog,Axel F,pop,2005,0.86,0.907,168879,FALSE,,,,,,,,,
Eminem,Ass Like That,hip hop,2004,0.646,0.796,265480,TRUE,,,,,,,,,
Sean Paul,We Be Burnin',"hip hop, pop",2005,0.95,0.803,213066,FALSE,,,,,,,,,
Gwen Stefani,Rich Girl,"pop, R&B",2004,0.856,0.754,236213,FALSE,,,,,,,,,
The Chemical Brothers,Galvanize,Dance/Electronic,2005,0.745,0.714,393813,FALSE,,,,,,,,,
Fort Minor,Remember the Name (feat. Styles of Beyond),"hip hop, pop, rock",2005,0.688,0.835,230493,TRUE,,,,,,,,,
50 Cent,Disco Inferno,"hip hop, pop",2005,0.925,0.659,214226,TRUE,,,,,,,,,
The Game,How We Do,"hip hop, pop",2005,0.862,0.648,235533,TRUE,,,,,,,,,
Chris Brown,Run It! (feat. Juelz Santana),"hip hop, pop, R&B",2005,0.846,0.482,229866,FALSE,,,,,,,,,
Mariah Carey,It's Like That,"pop, R&B",2005,0.8,0.633,203360,FALSE,,,,,,,,,
Black Eyed Peas,My Humps,"hip hop, pop",2005,0.802,0.682,326960,FALSE,,,,,,,,,
Ciara,Oh (feat. Ludacris),"pop, R&B",2004,0.8,0.496,256346,FALSE,,,,,,,,,
50 Cent,Outta Control - Remix,"hip hop, pop",2005,0.772,0.599,247506,TRUE,,,,,,,,,
Baby Bash,"Baby, I'm Back","hip hop, pop, R&B, latin",2005,0.899,0.365,219920,TRUE,,,,,,,,,
Jennifer Lopez,Get Right,"hip hop, pop, R&B",2005,0.741,0.759,225533,FALSE,,,,,,,,,
JAY-Z,Numb / Encore,hip hop,2004,0.687,0.793,205733,TRUE,,,,,,,,,
The Game,Hate It Or Love It,"hip hop, pop",2005,0.802,0.785,206400,TRUE,,,,,,,,,
Gorillaz,Feel Good Inc.,hip hop,2005,0.818,0.705,222640,FALSE,,,,,,,,,
Black Eyed Peas,Don't Phunk With My Heart,"hip hop, pop",2005,0.69,0.928,239773,FALSE,,,,,,,,,
Akon,Lonely,pop,2004,0.629,0.532,235800,TRUE,,,,,,,,,
Bodyrockers,I Like The Way - Radio Edit,"rock, Dance/Electronic",2005,0.642,0.851,200053,FALSE,,,,,,,,,
Sugababes,Push The Button,"pop, R&B",2005,0.962,0.66,218093,FALSE,,,,,,,,,
Jeezy,Soul Survivor,"hip hop, pop",2005,0.684,0.493,280013,TRUE,,,,,,,,,
Eminem,Mockingbird,hip hop,2004,0.637,0.678,250760,TRUE,,,,,,,,,
Shakira,La Tortura (feat. Alejandro Sanz),"pop, latin",2005,0.74,0.783,212893,FALSE,,,,,,,,,
Gorillaz,DARE,hip hop,2005,0.76,0.891,244999,FALSE,,,,,,,,,
Snoop Dogg,Signs,"hip hop, pop",2004,0.94,0.713,236813,TRUE,,,,,,,,,
Robbie Williams,Tripping,"pop, rock",2005,0.666,0.922,276603,FALSE,,,,,,,,,
David Banner,Play,"hip hop, pop",2005,0.837,0.658,230133,TRUE,,,,,,,,,
Trillville,Some Cut,"hip hop, pop",2004,0.9,0.515,283454,TRUE,,,,,,,,,
D4L,Laffy Taffy,"hip hop, pop",2005,0.891,0.439,224253,TRUE,,,,,,,,,
Missy Elliott,Lose Control (feat. Ciara & Fat Man Scoop),"hip hop, pop, R&B",2005,0.904,0.813,226863,TRUE,,,,,,,,,
Rob Thomas,Lonely No More,"pop, Folk/Acoustic",2005,0.551,0.896,226640,FALSE,,,,,,,,,
Brian McFadden,Almost Here,set(),2004,0.561,0.452,229826,FALSE,,,,,,,,,
Bobby V.,"Slow Down - 12"" Version","hip hop, pop, R&B",2005,0.568,0.732,258666,FALSE,,,,,,,,,
Backstreet Boys,Incomplete,pop,2005,0.437,0.589,239586,FALSE,,,,,,,,,
Pretty Ricky,Grind With Me,"hip hop, pop, R&B",2005,0.7,0.538,237733,TRUE,,,,,,,,,
Kanye West,Diamonds From Sierra Leone - Remix,hip hop,2005,0.672,0.814,233400,TRUE,,,,,,,,,
Snoop Dogg,Drop It Like It's Hot,"hip hop, pop",2004,0.892,0.628,266066,TRUE,,,,,,,,,
Fat Joe,Get It Poppin' (feat. Nelly) - Radio Version,"hip hop, pop",2005,0.905,0.55,211320,FALSE,,,,,,,,,
Destiny's Child,Soldier (feat. T.I. & Lil' Wayne),"pop, R&B",2004,0.878,0.417,325573,FALSE,,,,,,,,,
Ciara,"1, 2 Step (feat. Missy Elliott) - Main","pop, R&B",2005,0.939,0.498,202213,FALSE,,,,,,,,,
Amerie,1 Thing,"hip hop, pop, R&B",2008,0.636,0.946,238746,FALSE,,,,,,,,,
Ludacris,Get Back,"hip hop, pop",2004,0.555,0.639,270746,TRUE,,,,,,,,,
Franz Ferdinand,Do You Want To,rock,2005,0.412,0.944,215000,FALSE,,,,,,,,,
Natalie Imbruglia,Shiver,"pop, Folk/Acoustic",2005,0.489,0.798,222653,FALSE,,,,,,,,,
Gwen Stefani,Hollaback Girl,"pop, R&B",2004,0.926,0.916,199853,TRUE,,,,,,,,,
Pretty Ricky,Your Body,"hip hop, pop, R&B",2005,0.838,0.594,240040,TRUE,,,,,,,,,
Thirty Seconds To Mars,The Kill,rock,2005,0.179,0.912,231533,FALSE,,,,,,,,,
Alicia Keys,Karma,"pop, R&B",2003,0.727,0.736,256000,FALSE,,,,,,,,,
2Pac,Ghetto Gospel,hip hop,2004,0.794,0.614,238053,TRUE,,,,,,,,,
Craig David,Don't Love You No More (I'm Sorry),"hip hop, pop, R&B",2005,0.636,0.558,243986,FALSE,,,,,,,,,
Katie Melua,Nine Million Bicycles,"pop, easy listening, jazz",2005,0.534,0.247,197160,FALSE,,,,,,,,,
Lil Jon & The East Side Boyz,Lovers And Friends,"hip hop, pop",2004,0.675,0.501,260600,TRUE,,,,,,,,,
Mariah Carey,Don't Forget About Us - Radio Edit,"pop, R&B",2005,0.7,0.529,233866,FALSE,,,,,,,,,
Ying Yang Twins,Wait (The Whisper Song),"hip hop, pop",2005,0.933,0.513,179160,TRUE,,,,,,,,,
Will Smith,Switch,"hip hop, pop",2020,0.873,0.9,197666,FALSE,,,,,,,,,
Bow Wow,Like You (feat. Ciara),"hip hop, pop, R&B",2005,0.714,0.6,205840,FALSE,,,,,,,,,
Kaiser Chiefs,Everyday I Love You Less And Less,rock,2005,0.49,0.956,217706,FALSE,,,,,,,,,
Kelly Clarkson,Behind These Hazel Eyes,"pop, R&B",2004,0.548,0.889,198973,FALSE,,,,,,,,,
Black Eyed Peas,Don't Lie,"hip hop, pop",2005,0.662,0.785,219000,FALSE,,,,,,,,,
Westlife,You Raise Me Up,pop,2005,0.129,0.358,241066,FALSE,,,,,,,,,
Ray J,One Wish,"hip hop, pop, R&B",2005,0.525,0.652,337640,FALSE,,,,,,,,,
Papa Roach,Scars,"rock, metal",2004,0.455,0.929,208199,FALSE,,,,,,,,,
Arctic Monkeys,I Bet You Look Good On The Dancefloor,rock,2006,0.535,0.948,173680,FALSE,,,,,,,,,
Shayne Ward,That's My Goal,pop,2006,0.286,0.508,219600,FALSE,,,,,,,,,
Bow Wow,Let Me Hold You (feat. Omarion),"hip hop, pop, R&B",2005,0.815,0.662,248493,FALSE,,,,,,,,,
Kaiser Chiefs,I Predict A Riot,rock,2005,0.395,0.979,233186,FALSE,,,,,,,,,
Usher,Caught Up,"hip hop, pop, R&B",2004,0.817,0.806,224640,FALSE,,,,,,,,,
Kelly Clarkson,Because of You,"pop, R&B",2004,0.587,0.583,219493,FALSE,,,,,,,,,
3 Doors Down,Let Me Go,"pop, rock, metal",2012,0.478,0.863,243053,FALSE,,,,,,,,,
Nickelback,Photograph,"rock, metal",2005,0.515,0.876,258920,FALSE,,,,,,,,,
T-Pain,I'm Sprung,"hip hop, pop, R&B",2005,0.722,0.329,231040,FALSE,,,,,,,,,
Destiny's Child,Cater 2 U,"pop, R&B",2004,0.605,0.584,245400,FALSE,,,,,,,,,
The Pussycat Dolls,Stickwitu,"pop, R&B",2005,0.548,0.554,207506,FALSE,,,,,,,,,
Ryan Cabrera,TRUE,pop,2004,0.598,0.4,204173,FALSE,,,,,,,,,
Stereophonics,Dakota,"rock, pop",2005,0.506,0.93,297426,FALSE,,,,,,,,,
Eminem,Like Toy Soldiers,hip hop,2004,0.52,0.768,296880,TRUE,,,,,,,,,
Nelly,Over And Over,"hip hop, pop, R&B",2004,0.644,0.517,253933,TRUE,,,,,,,,,
Coldplay,Speed of Sound,"rock, pop",2005,0.514,0.898,287906,FALSE,,,,,,,,,
KT Tunstall,Suddenly I See,"World/Traditional, pop, Folk/Acoustic",2005,0.587,0.767,201706,FALSE,,,,,,,,,
Destiny's Child,Girl,"pop, R&B",2004,0.567,0.747,224146,FALSE,,,,,,,,,
Kelly Clarkson,Since U Been Gone,"pop, R&B",2004,0.662,0.739,188960,FALSE,,,,,,,,,
U2,Sometimes You Can't Make It On Your Own,"World/Traditional, rock",2004,0.53,0.597,305080,FALSE,,,,,,,,,
The All-American Rejects,Dirty Little Secret,"rock, pop",2005,0.469,0.955,193653,FALSE,,,,,,,,,
Toby Keith,As Good As I Once Was,country,2005,0.68,0.87,227840,FALSE,,,,,,,,,
Gwen Stefani,Cool,"pop, R&B",2004,0.709,0.721,189333,FALSE,,,,,,,,,
Foo Fighters,Best of You,"rock, metal",2005,0.366,0.94,255626,FALSE,,,,,,,,,
Shakira,Hips Don't Lie (feat. Wyclef Jean),"pop, latin",2005,0.778,0.824,218093,FALSE,,,,,,,,,
Sean Paul,Temperature,"hip hop, pop",2005,0.951,0.6,218573,FALSE,,,,,,,,,
Justin Timberlake,SexyBack (feat. Timbaland),pop,2006,0.967,0.583,242733,TRUE,,,,,,,,,
Beyoncé,Irreplaceable,"pop, R&B",2007,0.447,0.694,227853,FALSE,,,,,,,,,
Amy Winehouse,Rehab,R&B,2006,0.407,0.558,214946,FALSE,,,,,,,,,
Rihanna,SOS,"hip hop, pop, R&B",2006,0.677,0.671,238920,FALSE,,,,,,,,,
Gnarls Barkley,Crazy,"hip hop, R&B",2006,0.855,0.587,177466,FALSE,,,,,,,,,
Busta Rhymes,Touch It,"hip hop, pop",2006,0.658,0.551,214960,TRUE,,,,,,,,,
Nelly Furtado,Maneater,"hip hop, pop, latin",2006,0.796,0.777,258893,FALSE,,,,,,,,,
Bob Sinclar,Rock This Party - Everybody Dance Now,"pop, Dance/Electronic",2006,0.893,0.823,245466,FALSE,,,,,,,,,
Diddy,Come to Me (feat. Nicole Scherzinger),"hip hop, pop",2006,0.819,0.485,276786,TRUE,,,,,,,,,
Madonna,Sorry,pop,2005,0.589,0.877,281880,FALSE,,,,,,,,,
Chamillionaire,Ridin',"hip hop, pop",2005,0.787,0.799,303053,TRUE,,,,,,,,,
Black Eyed Peas,Pump It,"hip hop, pop",2005,0.648,0.931,213066,FALSE,,,,,,,,,
Nelly Furtado,Promiscuous,"hip hop, pop, latin",2006,0.808,0.97,242293,FALSE,,,,,,,,,
Fedde Le Grand,Put Your Hands Up for Detroit - Radio Edit,"pop, Dance/Electronic",2015,0.814,0.923,150533,FALSE,,,,,,,,,
Sean Paul,(When You Gonna) Give It Up to Me (feat. Keyshia Cole) - Radio Version,"hip hop, pop",2006,0.711,0.761,243880,FALSE,,,,,,,,,
The Pussycat Dolls,Buttons,"pop, R&B",2005,0.565,0.817,225560,FALSE,,,,,,,,,
Ciara,Get Up (feat. Chamillionaire),"pop, R&B",2006,0.964,0.595,261880,FALSE,,,,,,,,,
Eminem,Shake That,hip hop,2005,0.963,0.643,274440,TRUE,,,,,,,,,
Cherish,Do It To It,"hip hop, pop, R&B",2006,0.826,0.67,226293,FALSE,,,,,,,,,
Muse,Supermassive Black Hole,rock,2006,0.668,0.921,212439,FALSE,,,,,,,,,
Chris Brown,Gimme That,"hip hop, pop, R&B",2005,0.678,0.572,186826,FALSE,,,,,,,,,
Infernal,From Paris to Berlin,pop,2004,0.741,0.869,209666,FALSE,,,,,,,,,
Cassie,Me & U,"pop, R&B",2006,0.803,0.454,192213,FALSE,,,,,,,,,
E-40,U and Dat (feat. T. Pain & Kandi Girl),"hip hop, pop",2006,0.858,0.484,202720,TRUE,,,,,,,,,
The Pussycat Dolls,Beep,"pop, R&B",2005,0.938,0.735,229360,FALSE,,,,,,,,,
Lil Jon,Snap Yo Fingers,"hip hop, pop",2006,0.835,0.757,274386,FALSE,,,,,,,,,
Armand Van Helden,My My My - Radio Edit,"pop, Dance/Electronic",2006,0.678,0.768,190000,FALSE,,,,,,,,,
The Notorious B.I.G.,"Nasty Girl (feat. Diddy, Nelly, Jagged Edge & Avery Storm) - 2005 Remaster",hip hop,2005,0.833,0.628,286186,TRUE,,,,,,,,,
Yung Joc,It's Goin' Down (feat. Nitti),"hip hop, pop",2006,0.888,0.577,241840,TRUE,,,,,,,,,
Shayne Ward,No Promises,pop,2006,0.5,0.498,223066,FALSE,,,,,,,,,
Justin Timberlake,My Love (feat. T.I.),pop,2006,0.771,0.68,276160,FALSE,,,,,,,,,
Nickelback,Savin' Me,"rock, metal",2005,0.441,0.815,219320,FALSE,,,,,,,,,
Nelly,Grillz,"hip hop, pop, R&B",2005,0.867,0.504,271160,FALSE,,,,,,,,,
Take That,Patience,pop,2006,0.309,0.783,202066,FALSE,,,,,,,,,
Fergie,London Bridge,"pop, R&B",2006,0.769,0.609,241306,TRUE,,,,,,,,,
Cascada,Everytime We Touch - Radio Edit,"hip hop, pop, Dance/Electronic",2011,0.64,0.977,199120,FALSE,,,,,,,,,
D4L,Laffy Taffy,"hip hop, pop",2005,0.891,0.439,224253,TRUE,,,,,,,,,
LL Cool J,Control Myself,"hip hop, pop, R&B",2006,0.825,0.876,233973,FALSE,,,,,,,,,
Beyoncé,Deja Vu (feat. Jay-Z),"pop, R&B",2007,0.644,0.746,240280,FALSE,,,,,,,,,
P!nk,Stupid Girls,pop,2006,0.683,0.886,197173,TRUE,,,,,,,,,
Eminem,When I'm Gone,hip hop,2005,0.618,0.746,281320,TRUE,,,,,,,,,
Kelis,Bossy,"pop, R&B, Dance/Electronic",2006,0.906,0.633,273973,FALSE,,,,,,,,,
Bob Sinclar,Love Generation - Radio Edit,"pop, Dance/Electronic",2005,0.715,0.812,207613,FALSE,,,,,,,,,
Meck,Thunder in My Heart Again (Radio Edit),set(),2005,0.679,0.922,189800,FALSE,,,,,,,,,
Mary J. Blige,Be Without You - Kendu Mix,"pop, R&B",2005,0.726,0.7,246333,TRUE,,,,,,,,,
Girls Aloud,Something Kinda Ooooh,"pop, Dance/Electronic",2012,0.681,0.908,201590,FALSE,,,,,,,,,
Rihanna,Unfaithful,"hip hop, pop, R&B",2006,0.588,0.391,226973,FALSE,,,,,,,,,
Kanye West,Touch The Sky,hip hop,2005,0.552,0.846,236600,TRUE,,,,,,,,,
Dem Franchize Boyz,"Lean Wit It, Rock Wit It","hip hop, pop",2006,0.886,0.62,229813,TRUE,,,,,,,,,
Evanescence,Call Me When You're Sober,metal,2006,0.45,0.883,214706,FALSE,,,,,,,,,
Chingy,Pullin' Me Back,"hip hop, pop, R&B",2006,0.786,0.511,234133,TRUE,,,,,,,,,
Nickelback,Far Away,"rock, metal",2005,0.518,0.797,238173,FALSE,,,,,,,,,
Fall Out Boy,"Dance, Dance",rock,2005,0.622,0.961,180266,FALSE,,,,,,,,,
Leona Lewis,A Moment Like This,"pop, R&B",2007,0.261,0.562,257293,FALSE,,,,,,,,,
T.I.,What You Know,"hip hop, pop",2006,0.551,0.81,274333,TRUE,,,,,,,,,
Ludacris,Money Maker,"hip hop, pop",2006,0.551,0.598,230613,TRUE,,,,,,,,,
Nick Lachey,What's Left Of Me,pop,2006,0.42,0.742,244613,FALSE,,,,,,,,,
Jibbs,Chain Hang Low,"hip hop, pop",2006,0.792,0.589,207586,TRUE,,,,,,,,,
Arctic Monkeys,When The Sun Goes Down,rock,2006,0.348,0.875,202133,TRUE,,,,,,,,,
Rascal Flatts,Life is a Highway,country,2006,0.561,0.936,276773,FALSE,,,,,,,,,
Beyoncé,Check On It (feat. Slim Thug),"pop, R&B",2006,0.7,0.887,211186,FALSE,,,,,,,,,
Keyshia Cole,Love,"hip hop, pop, R&B",2005,0.688,0.519,255333,FALSE,,,,,,,,,
Lily Allen,Smile,pop,2006,0.632,0.639,196893,TRUE,,,,,,,,,
Ne-Yo,Sexy Love,"pop, R&B",2006,0.693,0.516,220853,FALSE,,,,,,,,,
JoJo,Too Little Too Late,"hip hop, pop, R&B",2006,0.535,0.823,223680,FALSE,,,,,,,,,
Mary J. Blige,One,"pop, R&B",2005,0.344,0.874,260466,FALSE,,,,,,,,,
Bubba Sparxxx,Ms. New Booty,"hip hop, pop, country",2005,0.64,0.62,252653,TRUE,,,,,,,,,
Amy Winehouse,You Know I'm No Good,R&B,2006,0.705,0.806,256946,FALSE,,,,,,,,,
Rascal Flatts,What Hurts The Most,country,2006,0.537,0.674,214106,FALSE,,,,,,,,,
Red Hot Chili Peppers,Dani California,rock,2006,0.556,0.913,282160,FALSE,,,,,,,,,
Scissor Sisters,I Don't Feel Like Dancin',"pop, rock, Dance/Electronic",2006,0.707,0.923,288360,FALSE,,,,,,,,,
Ne-Yo,So Sick,"pop, R&B",2006,0.452,0.574,207186,FALSE,,,,,,,,,
Hinder,Lips Of An Angel,"pop, rock, metal",2019,0.474,0.744,261053,FALSE,,,,,,,,,
The Raconteurs,"Steady, As She Goes",rock,2006,0.525,0.578,215266,FALSE,,,,,,,,,
The Fratellis,Chelsea Dagger,rock,2006,0.511,0.815,215306,FALSE,,,,,,,,,
Fort Minor,Where'd You Go (feat. Holly Brook & Jonah Matranga),"hip hop, pop, rock",2005,0.684,0.819,231866,TRUE,,,,,,,,,
The Pussycat Dolls,Stickwitu,"pop, R&B",2005,0.548,0.554,207506,FALSE,,,,,,,,,
Panic! At The Disco,I Write Sins Not Tragedies,rock,2005,0.566,0.815,185586,FALSE,,,,,,,,,
James Blunt,Goodbye My Lover,pop,2005,0.432,0.261,258653,FALSE,,,,,,,,,
Christina Aguilera,Ain't No Other Man,pop,2006,0.862,0.742,228906,FALSE,,,,,,,,,
Westlife,The Rose,pop,2006,0.272,0.203,219106,FALSE,,,,,,,,,
Keane,Is It Any Wonder?,pop,2006,0.489,0.955,186173,FALSE,,,,,,,,,
Orson,No Tomorrow,pop,2006,0.656,0.624,167493,FALSE,,,,,,,,,
T-Pain,I'm N Luv (Wit a Stripper) (feat. Mike Jones),"hip hop, pop, R&B",2005,0.731,0.368,265333,TRUE,,,,,,,,,
KT Tunstall,Black Horse And The Cherry Tree,"World/Traditional, pop, Folk/Acoustic",2005,0.748,0.786,172373,FALSE,,,,,,,,,
Natasha Bedingfield,Unwritten,pop,2004,0.706,0.8,259333,FALSE,,,,,,,,,
Razorlight,America,"rock, pop",2006,0.447,0.568,249760,FALSE,,,,,,,,,
James Morrison,You Give Me Something,"pop, R&B",2006,0.559,0.688,213173,FALSE,,,,,,,,,
Snow Patrol,You're All I Have,"World/Traditional, rock, pop",2006,0.467,0.921,273333,FALSE,,,,,,,,,
The Fray,How to Save a Life,pop,2005,0.64,0.743,262533,FALSE,,,,,,,,,
Sandi Thom,I Wish I Was a Punk Rocker (with Flowers in My Hair),"World/Traditional, pop",2006,0.7,0.465,151640,FALSE,,,,,,,,,
My Chemical Romance,Welcome to the Black Parade,rock,2006,0.217,0.905,311106,FALSE,,,,,,,,,
Razorlight,In The Morning,"rock, pop",2006,0.616,0.855,222453,FALSE,,,,,,,,,
The All-American Rejects,Dirty Little Secret,"rock, pop",2005,0.469,0.955,193653,FALSE,,,,,,,,,
James Morrison,Wonderful World,"pop, R&B",2006,0.474,0.71,210066,FALSE,,,,,,,,,
Chris Brown,Yo (Excuse Me Miss),"hip hop, pop, R&B",2005,0.536,0.612,229040,FALSE,,,,,,,,,
P!nk,Who Knew,pop,2006,0.688,0.734,208493,FALSE,,,,,,,,,
The Kooks,Naive,rock,2006,0.391,0.808,203506,FALSE,,,,,,,,,
Leona Lewis,Bleeding Love,"pop, R&B",2007,0.638,0.656,262466,FALSE,,,,,,,,,
Rihanna,Umbrella,"hip hop, pop, R&B",2008,0.583,0.829,275986,FALSE,,,,,,,,,
Britney Spears,Gimme More,pop,2007,0.788,0.844,251240,FALSE,,,,,,,,,
Fergie,Big Girls Don't Cry (Personal),"pop, R&B",2006,0.708,0.641,268120,FALSE,,,,,,,,,
Mark Ronson,Valerie (feat. Amy Winehouse) - Version Revisited,pop,2007,0.698,0.844,219413,FALSE,,,,,,,,,
Plain White T's,Hey There Delilah,pop,2005,0.656,0.291,232533,FALSE,,,,,,,,,
Justin Timberlake,What Goes Around.../...Comes Around (Interlude),pop,2006,0.687,0.723,448573,FALSE,,,,,,,,,
Gwen Stefani,The Sweet Escape,"pop, R&B",2006,0.756,0.77,246466,FALSE,,,,,,,,,
Timbaland,The Way I Are,"hip hop, pop, R&B",2007,0.731,0.807,179120,FALSE,,,,,,,,,
Nelly Furtado,Say It Right,"hip hop, pop, latin",2006,0.872,0.872,223080,FALSE,,,,,,,,,
Ida Corr,Let Me Think About It,set(),2012,0.762,0.754,151973,FALSE,,,,,,,,,
Alex Gaudino,Destination Calabria - Radio Edit,Dance/Electronic,2007,0.627,0.954,223111,FALSE,,,,,,,,,
September,Cry for You,"pop, Dance/Electronic",2007,0.767,0.881,209800,FALSE,,,,,,,,,
Akon,Smack That,pop,2006,0.94,0.743,212360,TRUE,,,,,,,,,
Timbaland,Give It To Me,"hip hop, pop, R&B",2007,0.975,0.711,234026,TRUE,,,,,,,,,
50 Cent,Ayo Technology,"hip hop, pop",2007,0.63,0.782,247946,TRUE,,,,,,,,,
Eric Prydz,Proper Education - Radio Edit,"pop, Dance/Electronic",2007,0.537,0.937,198567,FALSE,,,,,,,,,
Fedde Le Grand,Put Your Hands Up For Detroit - Radio Edit,"pop, Dance/Electronic",2015,0.827,0.931,150533,FALSE,,,,,,,,,
Ciara,Like a Boy,"pop, R&B",2006,0.701,0.724,237053,FALSE,,,,,,,,,
Kanye West,Stronger,hip hop,2007,0.617,0.717,311866,TRUE,,,,,,,,,
Beyoncé,Beautiful Liar,"pop, R&B",2007,0.764,0.751,199853,FALSE,,,,,,,,,
Gym Class Heroes,Cupid's Chokehold / Breakfast in America - Radio Mix,"hip hop, pop",2007,0.584,0.681,237173,FALSE,,,,,,,,,
Akon,I Wanna Love You,pop,2006,0.865,0.45,247066,TRUE,,,,,,,,,
Soulja Boy,Crank That (Soulja Boy),"hip hop, pop",2007,0.736,0.74,221933,FALSE,,,,,,,,,
Fat Joe,Make It Rain,"hip hop, pop",2006,0.744,0.697,247413,TRUE,,,,,,,,,
P!nk,U + Ur Hand,pop,2006,0.709,0.891,214386,TRUE,,,,,,,,,
Rihanna,Shut Up And Drive,"hip hop, pop, R&B",2008,0.735,0.826,212280,FALSE,,,,,,,,,
Lloyd,Get It Shawty,"hip hop, pop, R&B",2007,0.822,0.905,209533,FALSE,,,,,,,,,
Kanye West,Can't Tell Me Nothing,hip hop,2007,0.596,0.62,271600,TRUE,,,,,,,,,
Camille Jones,The Creeps - Fedde Le Grand Radio Mix,set(),2006,0.847,0.861,152333,FALSE,,,,,,,,,
Linkin Park,What I've Done,"rock, metal",2007,0.623,0.93,205613,FALSE,,,,,,,,,
Keyshia Cole,Last Night,"hip hop, pop, R&B",2007,0.918,0.857,255706,FALSE,,,,,,,,,
Chris Brown,Kiss Kiss (feat. T-Pain),"hip hop, pop, R&B",2007,0.729,0.658,250666,FALSE,,,,,,,,,
Shop Boyz,Party Like A Rock Star,"hip hop, pop",2007,0.619,0.709,253400,TRUE,,,,,,,,,
Finger Eleven,Paralyzer,"rock, metal",2007,0.644,0.939,208106,FALSE,,,,,,,,,
Justin Timberlake,Summer Love,pop,2006,0.606,0.591,252973,FALSE,,,,,,,,,
MiMS,This Is Why I'm Hot,"hip hop, pop",2007,0.621,0.6,253706,TRUE,,,,,,,,,
Fabolous,Make Me Better,"hip hop, pop, R&B",2007,0.607,0.599,253573,TRUE,,,,,,,,,
Seether,Fake It,"rock, metal",2007,0.611,0.95,193893,TRUE,,,,,,,,,
Take That,Patience,pop,2006,0.309,0.783,202066,FALSE,,,,,,,,,
Arctic Monkeys,Brianstorm,rock,2007,0.42,0.974,172866,FALSE,,,,,,,,,
Justin Timberlake,My Love (feat. T.I.),pop,2006,0.771,0.68,276160,FALSE,,,,,,,,,
Fergie,Glamorous,"pop, R&B",2006,0.811,0.757,246600,TRUE,,,,,,,,,
Linkin Park,Bleed It Out,"rock, metal",2007,0.529,0.967,166373,TRUE,,,,,,,,,
My Chemical Romance,Teenagers,rock,2006,0.463,0.857,161920,FALSE,,,,,,,,,
Calvin Harris,Acceptable in the 80's,"hip hop, pop, Dance/Electronic",2007,0.787,0.808,333680,FALSE,,,,,,,,,
Sugababes,About You Now,"pop, R&B",2007,0.584,0.699,212400,FALSE,,,,,,,,,
Avril Lavigne,Girlfriend,pop,2007,0.56,0.959,216600,TRUE,,,,,,,,,
Ne-Yo,Because Of You,"pop, R&B",2007,0.81,0.538,266840,FALSE,,,,,,,,,
Daughtry,It's Not Over,"pop, rock, metal",2016,0.45,0.921,215173,FALSE,,,,,,,,,
Unk,Walk It Out,"hip hop, pop",2013,0.794,0.777,173040,TRUE,,,,,,,,,
Lloyd,You,"hip hop, pop, R&B",2007,0.412,0.876,273133,FALSE,,,,,,,,,
Klaxons,Golden Skans,rock,2007,0.463,0.836,165120,FALSE,,,,,,,,,
T-Pain,Bartender (feat. Akon),"hip hop, pop, R&B",2007,0.675,0.394,238800,TRUE,,,,,,,,,
Baby Boy Da Prince,The Way I Live - Main Explicit,"hip hop, pop",2006,0.88,0.438,324906,TRUE,,,,,,,,,
Fergie,Fergalicious,"pop, R&B",2006,0.906,0.584,292373,TRUE,,,,,,,,,
Omarion,Ice Box,"hip hop, pop, R&B",2006,0.775,0.731,256426,FALSE,,,,,,,,,
Pretty Ricky,On the Hotline - Amended Version,"hip hop, pop, R&B",2007,0.704,0.854,242586,FALSE,,,,,,,,,
Nickelback,Rockstar,"rock, metal",2005,0.616,0.91,252040,FALSE,,,,,,,,,
Fall Out Boy,Thnks fr th Mmrs,rock,2007,0.459,0.891,203506,FALSE,,,,,,,,,
Justin Timberlake,LoveStoned / I Think She Knows (Interlude),pop,2006,0.859,0.681,444333,TRUE,,,,,,,,,
All Time Low,"Dear Maria, Count Me In",rock,2007,0.459,0.895,182826,FALSE,,,,,,,,,
Amy Winehouse,Back To Black,R&B,2006,0.403,0.422,241293,TRUE,,,,,,,,,
Keyshia Cole,Let It Go,"hip hop, pop, R&B",2007,0.808,0.721,238360,FALSE,,,,,,,,,
Ciara,Promise,"pop, R&B",2006,0.697,0.629,267413,FALSE,,,,,,,,,
Enrique Iglesias,Do You Know? (The Ping Pong Song),"pop, latin",2007,0.753,0.759,219533,FALSE,,,,,,,,,
T2,Heartbroken - Edit,Dance/Electronic,2017,0.716,0.757,178613,FALSE,,,,,,,,,
Robyn,With Every Heartbeat,"pop, Dance/Electronic",2005,0.477,0.865,254920,FALSE,,,,,,,,,
Maroon 5,Makes Me Wonder,pop,2007,0.803,0.851,211080,TRUE,,,,,,,,,
Fall Out Boy,"This Ain't A Scene, It's An Arms Race",rock,2007,0.435,0.887,212040,FALSE,,,,,,,,,
Paramore,Misery Business,"pop, rock",2007,0.517,0.906,211520,FALSE,,,,,,,,,
Hinder,Better Than Me,"pop, rock, metal",2019,0.451,0.682,223533,FALSE,,,,,,,,,
Huey,"Pop, Lock & Drop It - Video Edit","hip hop, pop",2006,0.723,0.644,261026,FALSE,,,,,,,,,
Foo Fighters,The Pretender,"rock, metal",2007,0.433,0.959,269373,FALSE,,,,,,,,,
Plies,Shawty (feat. T Pain),"hip hop, pop, R&B",2007,0.444,0.708,255413,TRUE,,,,,,,,,
Kaiser Chiefs,Ruby,rock,2007,0.451,0.939,204200,FALSE,,,,,,,,,
Mark Ronson,Stop Me (feat. Daniel Merriweather),pop,2007,0.626,0.906,232946,FALSE,,,,,,,,,
Bow Wow,Outta My System (feat. T-Pain & Johntá Austin),"hip hop, pop, R&B",2006,0.772,0.59,238266,FALSE,,,,,,,,,
Jim Jones,We Fly High,"hip hop, pop",2006,0.685,0.8,236080,TRUE,,,,,,,,,
The Red Jumpsuit Apparatus,Face Down,pop,2006,0.545,0.932,192000,FALSE,,,,,,,,,
MIKA,Grace Kelly,pop,2006,0.675,0.828,187733,FALSE,,,,,,,,,
Christina Aguilera,Candyman,pop,2006,0.686,0.789,194213,FALSE,,,,,,,,,
Sean Kingston,Beautiful Girls,"hip hop, pop, R&B",2007,0.762,0.661,225373,FALSE,,,,,,,,,
Akon,Don't Matter,pop,2006,0.801,0.454,293066,TRUE,,,,,,,,,
James Blunt,1973,pop,2007,0.72,0.668,280026,FALSE,,,,,,,,,
Carrie Underwood,Before He Cheats,"pop, country",2005,0.519,0.749,199946,FALSE,,,,,,,,,
Just Jack,Starz In Their Eyes,Dance/Electronic,2006,0.67,0.8,295933,FALSE,,,,,,,,,
T-Pain,Buy U a Drank (Shawty Snappin') (feat. Yung Joc),"hip hop, pop, R&B",2007,0.451,0.55,227960,FALSE,,,,,,,,,
Bone Thugs-N-Harmony,I Tried,"hip hop, pop",2007,0.727,0.71,287480,TRUE,,,,,,,,,
Avril Lavigne,When You're Gone,pop,2007,0.457,0.719,240493,FALSE,,,,,,,,,
Rich Boy,Throw Some D's,"hip hop, pop",2007,0.697,0.86,263920,TRUE,,,,,,,,,
MIKA,Love Today,pop,2006,0.673,0.913,235173,FALSE,,,,,,,,,
Manic Street Preachers,Your Love Alone Is Not Enough (feat. Nina Persson),"rock, pop",2007,0.344,0.921,235693,FALSE,,,,,,,,,
Elliott Yamin,Wait for You,set(),2007,0.764,0.487,261320,FALSE,,,,,,,,,
Wyclef Jean,"Sweetest Girl (Dollar Bill) (feat. Akon, Lil' Wayne & Niia)",set(),2007,0.733,0.744,241133,FALSE,,,,,,,,,
Boys Like Girls,The Great Escape,pop,2007,0.423,0.94,206520,FALSE,,,,,,,,,
Take That,Rule The World - Radio Edit,pop,2007,0.357,0.774,237760,FALSE,,,,,,,,,
J. Holiday,Bed,"hip hop, pop, R&B, Dance/Electronic",2007,0.684,0.606,275106,FALSE,,,,,,,,,
Red Hot Chili Peppers,Snow (Hey Oh),rock,2006,0.427,0.9,334666,FALSE,,,,,,,,,
Ludacris,Runaway Love,"hip hop, pop",2006,0.405,0.721,280680,TRUE,,,,,,,,,
Flo Rida,Low (feat. T-Pain),"hip hop, pop",2008,0.918,0.609,231400,FALSE,,,,,,,,,
Katy Perry,I Kissed A Girl,pop,2008,0.699,0.76,179640,FALSE,,,,,,,,,
Rihanna,Take A Bow,"hip hop, pop, R&B",2008,0.697,0.467,229413,FALSE,,,,,,,,,
Alicia Keys,No One,"pop, R&B",2007,0.644,0.549,253813,FALSE,,,,,,,,,
Timbaland,Apologize,"hip hop, pop, R&B",2007,0.653,0.604,184400,FALSE,,,,,,,,,
Ne-Yo,Miss Independent,"pop, R&B",2008,0.668,0.673,232000,FALSE,,,,,,,,,
Chris Brown,With You,"hip hop, pop, R&B",2007,0.662,0.693,252120,FALSE,,,,,,,,,
Beyoncé,If I Were a Boy,"pop, R&B",2008,0.632,0.518,249146,FALSE,,,,,,,,,
Kardinal Offishall,Dangerous,"hip hop, pop, R&B",2008,0.949,0.79,246053,TRUE,,,,,,,,,
Madcon,Beggin (original version),"hip hop, pop",2007,0.715,0.8,216146,FALSE,,,,,,,,,
September,Cry for You,"pop, Dance/Electronic",2007,0.767,0.881,209800,FALSE,,,,,,,,,
Rihanna,Disturbia,"hip hop, pop, R&B",2008,0.707,0.813,238626,FALSE,,,,,,,,,
Guru Josh Project,Infinity 2008,hip hop,2011,0.493,0.849,190013,FALSE,,,,,,,,,
Britney Spears,Break the Ice,pop,2007,0.712,0.911,196053,FALSE,,,,,,,,,
Lil Wayne,Lollipop,"hip hop, pop",2008,0.829,0.428,299333,TRUE,,,,,,,,,
Basshunter,Now You're Gone - Video Edit,pop,2008,0.639,0.976,148186,FALSE,,,,,,,,,
Kanye West,Flashing Lights,hip hop,2007,0.639,0.628,237506,TRUE,,,,,,,,,
Madonna,4 Minutes (feat. Justin Timberlake & Timbaland),pop,2009,0.753,0.931,189693,FALSE,,,,,,,,,
Katy Perry,Hot N Cold,pop,2008,0.706,0.841,220226,FALSE,,,,,,,,,
Rihanna,Don't Stop The Music,"hip hop, pop, R&B",2008,0.835,0.669,267080,FALSE,,,,,,,,,
Snoop Dogg,Sensual Seduction,"hip hop, pop",2007,0.756,0.829,245520,FALSE,,,,,,,,,
Akon,Right Now (Na Na Na),pop,2008,0.83,0.857,240746,FALSE,,,,,,,,,
Britney Spears,Womanizer,pop,2008,0.724,0.695,224400,FALSE,,,,,,,,,
Eric Prydz,Pjanoo - Radio Edit,"pop, Dance/Electronic",2008,0.605,0.874,157432,FALSE,,,,,,,,,
Kelly Rowland,Work,"hip hop, pop, R&B",2010,0.888,0.823,207920,FALSE,,,,,,,,,
Jeezy,Put On,"hip hop, pop",2008,0.654,0.77,321293,TRUE,,,,,,,,,
Madonna,Give It 2 Me,pop,2008,0.837,0.954,287906,FALSE,,,,,,,,,
The Pussycat Dolls,When I Grow Up,"pop, R&B",2008,0.671,0.685,245680,FALSE,,,,,,,,,
will.i.am,Heartbreaker,"hip hop, pop",2007,0.788,0.549,327880,TRUE,,,,,,,,,
Soulja Boy,Crank That (Soulja Boy),"hip hop, pop",2007,0.736,0.74,221933,FALSE,,,,,,,,,
Britney Spears,Piece of Me,pop,2007,0.769,0.638,212106,FALSE,,,,,,,,,
T.I.,Live Your Life,"hip hop, pop",2008,0.375,0.862,338853,TRUE,,,,,,,,,
Ne-Yo,Closer,"pop, R&B",2008,0.709,0.745,234360,FALSE,,,,,,,,,
Lil Wayne,A Milli,"hip hop, pop",2008,0.674,0.695,221840,TRUE,,,,,,,,,
Colby O'Donis,What You Got,"hip hop, pop, R&B",2008,0.775,0.641,243013,FALSE,,,,,,,,,
Miley Cyrus,See You Again,pop,2007,0.692,0.911,190453,FALSE,,,,,,,,,
Basshunter,All I Ever Wanted - Radio Edit,pop,2008,0.645,0.984,176453,FALSE,,,,,,,,,
Chris Brown,Kiss Kiss (feat. T-Pain),"hip hop, pop, R&B",2007,0.729,0.658,250666,FALSE,,,,,,,,,
Finger Eleven,Paralyzer,"rock, metal",2007,0.644,0.939,208106,FALSE,,,,,,,,,
Alesha Dixon,The Boy Does Nothing,pop,2008,0.632,0.972,210680,FALSE,,,,,,,,,
Dizzee Rascal,Dance Wiv Me - Radio Edit,"hip hop, pop, Dance/Electronic",2011,0.878,0.746,204093,FALSE,,,,,,,,,
Gabriella Cilmi,Sweet About Me,R&B,2008,0.671,0.701,202133,FALSE,,,,,,,,,
Jack White,Another Way to Die,"rock, blues",2007,0.486,0.765,262240,FALSE,,,,,,,,,
Plies,Hypnotized (feat. Akon),"hip hop, pop, R&B",2007,0.84,0.571,188493,TRUE,,,,,,,,,
The Pussycat Dolls,I Hate This Part,"pop, R&B",2008,0.756,0.612,218400,FALSE,,,,,,,,,
Sean Kingston,Take You There,"hip hop, pop, R&B",2008,0.752,0.921,236693,FALSE,,,,,,,,,
Natasha Bedingfield,Pocketful of Sunshine,pop,2008,0.726,0.881,203440,FALSE,,,,,,,,,
The Offspring,"You're Gonna Go Far, Kid","rock, pop, metal",2008,0.55,0.917,177826,TRUE,,,,,,,,,
Kanye West,Homecoming,hip hop,2007,0.667,0.747,203493,TRUE,,,,,,,,,
Estelle,American Boy,R&B,2008,0.727,0.729,284733,TRUE,,,,,,,,,
Saving Abel,Addicted,"rock, metal",2008,0.512,0.864,222826,TRUE,,,,,,,,,
Pendulum,Propane Nightmares,Dance/Electronic,2008,0.356,0.966,313346,FALSE,,,,,,,,,
The Game,My Life,"hip hop, pop",2008,0.673,0.766,320893,TRUE,,,,,,,,,
Danity Kane,Damaged,"pop, R&B",2008,0.774,0.653,244266,FALSE,,,,,,,,,
P!nk,So What,pop,2008,0.534,0.87,215160,TRUE,,,,,,,,,
Kanye West,Love Lockdown,hip hop,2008,0.76,0.524,270306,FALSE,,,,,,,,,
Gym Class Heroes,Cookie Jar (feat. The-Dream),"hip hop, pop",2008,0.687,0.668,216317,TRUE,,,,,,,,,
M.I.A.,Paper Planes,"pop, rock",2007,0.447,0.848,205200,FALSE,,,,,,,,,
3 Doors Down,It's Not My Time,"pop, rock, metal",2008,0.529,0.934,241960,FALSE,,,,,,,,,
Kylie Minogue,Wow,"pop, Dance/Electronic",2007,0.654,0.884,190973,FALSE,,,,,,,,,
Mariah Carey,Touch My Body,"pop, R&B",2008,0.715,0.665,204733,FALSE,,,,,,,,,
MGMT,Kids,rock,2007,0.451,0.931,302840,FALSE,,,,,,,,,
The Ting Tings,Shut Up and Let Me Go,"pop, rock, Dance/Electronic",2007,0.852,0.927,171226,FALSE,,,,,,,,,
Lil Wayne,Got Money,"hip hop, pop",2008,0.694,0.661,244626,TRUE,,,,,,,,,
Santana,Into the Night (feat. Chad Kroeger),"rock, blues, latin",2007,0.595,0.844,222440,FALSE,,,,,,,,,
The-Dream,I Luv Your Girl,"hip hop, pop, R&B",2007,0.723,0.322,267866,TRUE,,,,,,,,,
Wiley,Wearing My Rolex - Radio Edit,"hip hop, Dance/Electronic",2008,0.876,0.716,170480,FALSE,,,,,,,,,
Usher,Love in This Club (feat. Young Jeezy),"hip hop, pop, R&B",2008,0.573,0.712,259720,FALSE,,,,,,,,,
Sam Sparro,Black & Gold - Radio Edit,"pop, Dance/Electronic",2008,0.383,0.703,212360,FALSE,,,,,,,,,
"H ""two"" O",What's It Gonna Be (feat. Platnum),Dance/Electronic,2008,0.733,0.9,207476,FALSE,,,,,,,,,
The Ting Tings,That's Not My Name,"pop, rock, Dance/Electronic",2008,0.755,0.901,310573,FALSE,,,,,,,,,
Plies,"Bust It Baby, Pt. 2 (feat. Ne-Yo)","hip hop, pop, R&B",2008,0.648,0.801,240760,TRUE,,,,,,,,,
James Morrison,Broken Strings,"pop, R&B",2008,0.57,0.717,250453,FALSE,,,,,,,,,
Leona Lewis,Run,"pop, R&B",2007,0.285,0.462,314720,FALSE,,,,,,,,,
Metro Station,Shake It,"pop, rock",2007,0.618,0.955,179946,FALSE,,,,,,,,,
T.I.,Whatever You Like,"hip hop, pop",2008,0.68,0.687,249533,TRUE,,,,,,,,,
Trey Songz,Can't Help but Wait,"hip hop, pop, R&B",2007,0.699,0.699,206413,FALSE,,,,,,,,,
OneRepublic,Stop And Stare,pop,2007,0.492,0.859,223853,FALSE,,,,,,,,,
Alexandra Burke,Hallelujah,pop,2009,0.177,0.425,217826,FALSE,,,,,,,,,
Mary J. Blige,Just Fine,"pop, R&B",2007,0.923,0.795,242133,FALSE,,,,,,,,,
Jordin Sparks,One Step At a Time,"pop, R&B",2007,0.766,0.692,205160,FALSE,,,,,,,,,
Coldplay,Viva La Vida,"rock, pop",2008,0.486,0.617,242373,FALSE,,,,,,,,,
Kings of Leon,Sex on Fire,rock,2008,0.542,0.905,203346,FALSE,,,,,,,,,
Kanye West,Good Life,hip hop,2007,0.439,0.808,207000,TRUE,,,,,,,,,
Duffy,Mercy,"pop, R&B",2008,0.793,0.859,219920,FALSE,,,,,,,,,
David Archuleta,Crush,pop,2008,0.57,0.664,213520,FALSE,,,,,,,,,
J. Holiday,Suffocate - Superclean,"hip hop, pop, R&B, Dance/Electronic",2007,0.458,0.445,220053,FALSE,,,,,,,,,
Gavin DeGraw,In Love With a Girl,"pop, Folk/Acoustic",2008,0.438,0.906,206000,FALSE,,,,,,,,,
Jordin Sparks,Tattoo,"pop, R&B",2007,0.566,0.766,233466,FALSE,,,,,,,,,
Coldplay,Violet Hill,"rock, pop",2008,0.33,0.58,222653,FALSE,,,,,,,,,
Ray J,Sexy Can I feat. Yung Berg,"hip hop, pop, R&B",2008,0.575,0.684,204040,TRUE,,,,,,,,,
Jennifer Hudson,Spotlight,"pop, R&B, easy listening",2008,0.707,0.724,250106,FALSE,,,,,,,,,
John Legend,Green Light (feat. André 3000),"pop, R&B",2008,0.622,0.882,284186,FALSE,,,,,,,,,
Jonas Brothers,Burnin' Up,pop,2008,0.667,0.954,175093,FALSE,,,,,,,,,
Lupe Fiasco,Superstar (feat. Matthew Santos),"hip hop, pop",2007,0.572,0.822,289000,FALSE,,,,,,,,,
Chris Brown,Forever,"hip hop, pop, R&B",2008,0.672,0.82,278573,FALSE,,,,,,,,,
Adele,Chasing Pavements,"pop, R&B",2008,0.614,0.47,210506,FALSE,,,,,,,,,
Leona Lewis,Better in Time,"pop, R&B",2007,0.584,0.7,234173,FALSE,,,,,,,,,
Fergie,Clumsy,"pop, R&B",2006,0.731,0.563,240426,FALSE,,,,,,,,,
T-Pain,Can't Believe It (feat. Lil' Wayne),"hip hop, pop, R&B",2008,0.648,0.516,273826,FALSE,,,,,,,,,
Black Eyed Peas,I Gotta Feeling,"hip hop, pop",2009,0.743,0.766,289133,FALSE,,,,,,,,,
Lady Gaga,Poker Face,pop,2008,0.851,0.806,237200,FALSE,,,,,,,,,
Beyoncé,Halo,"pop, R&B",2008,0.508,0.72,261640,FALSE,,,,,,,,,
David Guetta,Sexy Bitch (feat. Akon),"hip hop, pop, Dance/Electronic",2010,0.813,0.627,195853,TRUE,,,,,,,,,
Flo Rida,Right Round,"hip hop, pop",2009,0.72,0.672,204640,FALSE,,,,,,,,,
Taylor Swift,Love Story,pop,2008,0.617,0.741,236266,FALSE,,,,,,,,,
Pitbull,Hotel Room Service,"hip hop, pop, latin",2009,0.849,0.599,238506,FALSE,,,,,,,,,
Britney Spears,Circus,pop,2008,0.791,0.733,192360,FALSE,,,,,,,,,
Lady Gaga,LoveGame,pop,2008,0.894,0.678,216333,FALSE,,,,,,,,,
Skillet,Monster,"rock, pop, metal",2009,0.64,0.957,178013,FALSE,,,,,,,,,
The Prodigy,Omen,"rock, pop, Dance/Electronic",2009,0.545,0.953,216026,FALSE,,,,,,,,,
Black Eyed Peas,Meet Me Halfway,"hip hop, pop",2009,0.798,0.629,284373,FALSE,,,,,,,,,
Kanye West,Heartless,hip hop,2008,0.79,0.647,211000,FALSE,,,,,,,,,
Kid Cudi,Day 'N' Nite (Nightmare),hip hop,2009,0.88,0.443,221240,FALSE,,,,,,,,,
Lady Gaga,Just Dance,pop,2008,0.822,0.739,241933,FALSE,,,,,,,,,
Britney Spears,If U Seek Amy,pop,2008,0.717,0.587,216520,FALSE,,,,,,,,,
Pitbull,I Know You Want Me (Calle Ocho),"hip hop, pop, latin",2009,0.825,0.743,237120,FALSE,,,,,,,,,
Mariah Carey,Obsessed,"pop, R&B",2009,0.742,0.468,242200,FALSE,,,,,,,,,
Beyoncé,Sweet Dreams,"pop, R&B",2008,0.694,0.825,208066,FALSE,,,,,,,,,
Agnes,Release Me,"pop, Dance/Electronic",2009,0.621,0.923,256213,FALSE,,,,,,,,,
Black Eyed Peas,Boom Boom Pow,"hip hop, pop",2009,0.867,0.857,251440,TRUE,,,,,,,,,
Shakira,She Wolf,"pop, latin",2009,0.865,0.69,188866,FALSE,,,,,,,,,
Lady Gaga,Paparazzi,pop,2008,0.762,0.692,208306,FALSE,,,,,,,,,
JAY-Z,Empire State Of Mind,hip hop,2009,0.491,0.956,276920,TRUE,,,,,,,,,
OneRepublic,All The Right Moves,pop,2009,0.529,0.948,238000,FALSE,,,,,,,,,
Jeremih,Birthday Sex,"hip hop, pop, R&B",2009,0.677,0.523,226506,FALSE,,,,,,,,,
Cascada,Evacuate The Dancefloor,"hip hop, pop, Dance/Electronic",2009,0.762,0.702,207200,FALSE,,,,,,,,,
Linkin Park,New Divide,"rock, metal",2009,0.493,0.808,268613,FALSE,,,,,,,,,
Kevin Rudolf,Let It Rock,"hip hop, pop",2008,0.607,0.783,231173,TRUE,,,,,,,,,
JAY-Z,Run This Town,hip hop,2009,0.632,0.924,267520,TRUE,,,,,,,,,
Lady Gaga,Bad Romance,pop,2009,0.696,0.921,294573,TRUE,,,,,,,,,
T.I.,Live Your Life,"hip hop, pop",2008,0.375,0.862,338853,TRUE,,,,,,,,,
Eminem,We Made You,hip hop,2009,0.924,0.853,269613,FALSE,,,,,,,,,
Dizzee Rascal,Bonkers,"hip hop, pop, Dance/Electronic",2011,0.624,0.977,177573,FALSE,,,,,,,,,
Ciara,Love Sex Magic (feat. Justin Timberlake),"pop, R&B",2009,0.893,0.666,220426,FALSE,,,,,,,,,
Rihanna,Russian Roulette,"hip hop, pop, R&B",2009,0.48,0.486,227533,TRUE,,,,,,,,,
Soulja Boy,Turn My Swag On,"hip hop, pop",2008,0.546,0.712,206333,FALSE,,,,,,,,,
The xx,Intro,rock,2009,0.617,0.778,127920,FALSE,,,,,,,,,
Jay Sean,Down,"hip hop, pop, R&B",2009,0.657,0.695,212106,FALSE,,,,,,,,,
Keri Hilson,Turnin Me On - Original Dirty,"pop, R&B",2008,0.661,0.584,248066,TRUE,,,,,,,,,
David Guetta,When Love Takes Over (feat. Kelly Rowland),"hip hop, pop, Dance/Electronic",2010,0.675,0.862,191000,FALSE,,,,,,,,,
Cheryl,Fight For This Love,"pop, Dance/Electronic",2009,0.739,0.741,223253,FALSE,,,,,,,,,
Soulja Boy,Kiss Me Thru The Phone,"hip hop, pop",2008,0.758,0.712,193386,TRUE,,,,,,,,,
Eminem,Crack A Bottle,hip hop,2009,0.516,0.874,297520,TRUE,,,,,,,,,
P!nk,Sober,pop,2010,0.614,0.792,251440,FALSE,,,,,,,,,
Tinchy Stryder,Number 1,"pop, Dance/Electronic",2009,0.581,0.824,212773,FALSE,,,,,,,,,
Pixie Lott,"Mama Do (Uh Oh, Uh Oh)","pop, Dance/Electronic",2009,0.451,0.873,196520,FALSE,,,,,,,,,
JLS,Beat Again - Radio Edit,pop,2009,0.894,0.93,196640,FALSE,,,,,,,,,
3OH!3,DONTTRUSTME,"hip hop, pop, rock",2008,0.791,0.713,192573,TRUE,,,,,,,,,
A.R. Rahman,Jai Ho! (You Are My Destiny),set(),2009,0.657,0.941,222400,FALSE,,,,,,,,,
The Pussycat Dolls,I Hate This Part,"pop, R&B",2008,0.756,0.612,218400,FALSE,,,,,,,,,
Akon,Beautiful,pop,2008,0.74,0.945,312986,FALSE,,,,,,,,,
Alexandra Burke,Bad Boys (feat. Flo Rida),pop,2009,0.67,0.866,206480,FALSE,,,,,,,,,
Mario,Break Up,"pop, R&B",2009,0.44,0.517,249026,TRUE,,,,,,,,,
Drake,Forever,"hip hop, pop, R&B",2009,0.457,0.906,357706,TRUE,,,,,,,,,
Selena Gomez & The Scene,Naturally,"pop, Dance/Electronic",2009,0.605,0.902,202586,FALSE,,,,,,,,,
Kanye West,Love Lockdown,hip hop,2008,0.76,0.524,270306,FALSE,,,,,,,,,
The Veronicas,Untouched,"pop, Dance/Electronic",2005,0.557,0.783,255360,FALSE,,,,,,,,,
Fabolous,Throw It In The Bag,"hip hop, pop, R&B",2009,0.789,0.55,231573,TRUE,,,,,,,,,
Jason Derulo,Whatcha Say,"hip hop, pop",2010,0.615,0.711,221253,FALSE,,,,,,,,,
Lily Allen,Not Fair,pop,2009,0.719,0.861,201213,TRUE,,,,,,,,,
T.I.,Dead And Gone,"hip hop, pop",2008,0.713,0.746,299746,TRUE,,,,,,,,,
Sean Kingston,Fire Burning,"hip hop, pop, R&B",2009,0.839,0.804,239986,FALSE,,,,,,,,,
Empire of the Sun,Walking On A Dream,"rock, pop, Dance/Electronic",2008,0.871,0.701,198440,FALSE,,,,,,,,,
Cobra Starship,Good Girls Go Bad (feat. Leighton Meester),"pop, Dance/Electronic",2009,0.594,0.874,196413,FALSE,,,,,,,,,
Nickelback,If Today Was Your Last Day,"rock, metal",2008,0.485,0.911,249066,FALSE,,,,,,,,,
La Roux,Bulletproof,"pop, Dance/Electronic",2009,0.674,0.882,205733,FALSE,,,,,,,,,
Kasabian,Fire,rock,2009,0.525,0.742,252279,FALSE,,,,,,,,,
Calvin Harris,I'm Not Alone - Radio Edit,"hip hop, pop, Dance/Electronic",2009,0.597,0.684,210973,FALSE,,,,,,,,,
Justin Bieber,One Time,pop,2009,0.691,0.853,215866,FALSE,,,,,,,,,
Jamie Foxx,Blame It,"hip hop, pop, R&B",2008,0.673,0.614,289746,TRUE,,,,,,,,,
La Roux,In For The Kill,"pop, Dance/Electronic",2009,0.629,0.969,248626,FALSE,,,,,,,,,
Muse,Uprising,rock,2009,0.602,0.905,304840,FALSE,,,,,,,,,
Nickelback,Gotta Be Somebody,"rock, metal",2008,0.536,0.89,252653,FALSE,,,,,,,,,
James Morrison,Broken Strings,"pop, R&B",2008,0.57,0.717,250453,FALSE,,,,,,,,,
T.I.,Whatever You Like,"hip hop, pop",2008,0.68,0.687,249533,TRUE,,,,,,,,,
Dizzee Rascal,Holiday,"hip hop, pop, Dance/Electronic",2011,0.545,0.918,220626,FALSE,,,,,,,,,
Beyoncé,Single Ladies (Put a Ring on It),"pop, R&B",2008,0.426,0.584,193213,FALSE,,,,,,,,,
Boys Like Girls,Love Drunk,pop,2009,0.44,0.976,226706,FALSE,,,,,,,,,
The-Dream,Rockin' That Shit,"hip hop, pop, R&B",2009,0.672,0.62,221920,TRUE,,,,,,,,,
OneRepublic,Secrets,pop,2009,0.516,0.764,224693,FALSE,,,,,,,,,
JLS,Everybody in Love,pop,2013,0.705,0.783,195586,FALSE,,,,,,,,,
Jason Aldean,Big Green Tractor,country,2009,0.616,0.596,204200,FALSE,,,,,,,,,
The Fray,Never Say Never,pop,2009,0.23,0.492,256613,FALSE,,,,,,,,,
Lily Allen,The Fear,pop,2009,0.661,0.847,207120,TRUE,,,,,,,,,
Kings of Leon,Sex on Fire,rock,2008,0.542,0.905,203346,FALSE,,,,,,,,,
Drake,Best I Ever Had,"hip hop, pop, R&B",2010,0.431,0.894,258760,TRUE,,,,,,,,,
Kelly Clarkson,Already Gone,"pop, R&B",2009,0.209,0.872,281560,FALSE,,,,,,,,,
Miley Cyrus,Party In The U.S.A.,pop,2009,0.652,0.698,202066,FALSE,,,,,,,,,
Jordin Sparks,Battlefield,"pop, R&B",2009,0.613,0.634,241920,FALSE,,,,,,,,,
Ne-Yo,Mad,"pop, R&B",2008,0.731,0.644,254533,FALSE,,,,,,,,,
Green Day,21 Guns,rock,2009,0.268,0.742,321093,FALSE,,,,,,,,,
Keri Hilson,Knock You Down,"pop, R&B",2009,0.588,0.877,326186,FALSE,,,,,,,,,
Taylor Swift,You Belong With Me,pop,2008,0.687,0.771,231146,FALSE,,,,,,,,,
Shinedown,Second Chance,"rock, metal",2008,0.46,0.796,222066,FALSE,,,,,,,,,
Asher Roth,I Love College,"hip hop, pop",2009,0.713,0.826,241933,TRUE,,,,,,,,,
Katy Perry,Waking Up In Vegas,pop,2008,0.524,0.878,199186,FALSE,,,,,,,,,
Kelly Clarkson,My Life Would Suck Without You,"pop, R&B",2009,0.526,0.882,211493,FALSE,,,,,,,,,
Mumford & Sons,Little Lion Man,"Folk/Acoustic, rock, pop",2009,0.517,0.492,245173,TRUE,,,,,,,,,
The Fray,You Found Me,pop,2009,0.338,0.803,241853,FALSE,,,,,,,,,
Bruno Mars,Just the Way You Are,pop,2010,0.635,0.841,220734,FALSE,,,,,,,,,
Eminem,Love The Way You Lie,hip hop,2010,0.749,0.925,263373,TRUE,,,,,,,,,
Lady Gaga,Bad Romance,pop,2009,0.696,0.921,294573,TRUE,,,,,,,,,
Stromae,Alors on danse - Radio Edit,pop,2010,0.791,0.59,206066,FALSE,,,,,,,,,
Kesha,TiK ToK,"pop, Dance/Electronic",2010,0.755,0.837,199693,FALSE,,,,,,,,,
David Guetta,Memories (feat. Kid Cudi),"hip hop, pop, Dance/Electronic",2010,0.546,0.916,210853,FALSE,,,,,,,,,
Taio Cruz,Dynamite,"hip hop, pop",2010,0.751,0.783,202613,FALSE,,,,,,,,,
Rihanna,Only Girl (In The World),"hip hop, pop, R&B",2010,0.789,0.716,235493,FALSE,,,,,,,,,
Katy Perry,California Gurls,pop,2012,0.791,0.754,234653,FALSE,,,,,,,,,
Kesha,Take It Off,"pop, Dance/Electronic",2010,0.729,0.675,215200,FALSE,,,,,,,,,
INNA,Hot - Play & Win Radio Version,pop,2010,0.817,0.939,217036,FALSE,,,,,,,,,
Far East Movement,Like A G6,"hip hop, pop",2010,0.435,0.837,216893,FALSE,,,,,,,,,
David Guetta,Gettin' Over You (feat. Fergie & LMFAO),"hip hop, pop, Dance/Electronic",2010,0.615,0.913,188000,FALSE,,,,,,,,,
Duck Sauce,Barbra Streisand - Radio Edit,Dance/Electronic,2010,0.769,0.922,196533,FALSE,,,,,,,,,
Lucenzo,Danza Kuduro (feat. Don Omar),latin,2011,0.622,0.942,213986,FALSE,,,,,,,,,
Rihanna,Te Amo,"hip hop, pop, R&B",2009,0.567,0.707,208426,TRUE,,,,,,,,,
Timbaland,Carry Out (Featuring Justin Timberlake),"hip hop, pop, R&B",2009,0.531,0.574,232466,FALSE,,,,,,,,,
DJ Fresh,Gold Dust - Radio Edit,"pop, Dance/Electronic",2010,0.451,0.948,192446,FALSE,,,,,,,,,
Edward Maya,Stereo Love - Radio Edit,pop,2010,0.799,0.783,184573,FALSE,,,,,,,,,
Taio Cruz,Break Your Heart,"hip hop, pop",2010,0.607,0.934,201546,FALSE,,,,,,,,,
Black Eyed Peas,Imma Be,"hip hop, pop",2009,0.597,0.517,257560,FALSE,,,,,,,,,
Sidney Samson,Riverside,Dance/Electronic,2009,0.804,0.976,320348,TRUE,,,,,,,,,
Eminem,Not Afraid,hip hop,2010,0.855,0.954,248133,TRUE,,,,,,,,,
Lady Gaga,Alejandro,pop,2009,0.623,0.793,274213,FALSE,,,,,,,,,
Rihanna,Rude Boy,"hip hop, pop, R&B",2009,0.563,0.75,222920,TRUE,,,,,,,,,
Ne-Yo,Beautiful Monster,"pop, R&B",2010,0.708,0.771,251573,FALSE,,,,,,,,,
3OH!3,Starstrukk,"hip hop, pop, rock",2010,0.605,0.795,203093,FALSE,,,,,,,,,
Black Eyed Peas,The Time (Dirty Bit),"hip hop, pop",2010,0.816,0.813,307640,FALSE,,,,,,,,,
Kelly Rowland,Commander,"hip hop, pop, R&B",2011,0.395,0.876,218106,FALSE,,,,,,,,,
Swedish House Mafia,One (Your Name) - Radio Edit,"pop, Dance/Electronic",2010,0.733,0.673,163246,FALSE,,,,,,,,,
Chris Brown,Deuces (feat. Tyga & Kevin McCall),"hip hop, pop, R&B",2011,0.692,0.736,276560,TRUE,,,,,,,,,
Usher,DJ Got Us Fallin' In Love (feat. Pitbull),"hip hop, pop, R&B",2010,0.663,0.861,220800,FALSE,,,,,,,,,
Iyaz,Replay,"hip hop, pop",2009,0.706,0.751,182306,FALSE,,,,,,,,,
Flo Rida,Club Can't Handle Me (feat. David Guetta),"hip hop, pop",2010,0.616,0.869,234560,FALSE,,,,,,,,,
Sean Kingston,Eenie Meenie,"hip hop, pop, R&B",2010,0.72,0.607,201946,FALSE,,,,,,,,,
Waka Flocka Flame,No Hands (feat. Roscoe Dash & Wale),"hip hop, pop",2010,0.76,0.595,263773,TRUE,,,,,,,,,
Tinie Tempah,Written in the Stars (feat. Eric Turner),"hip hop, pop, Dance/Electronic",2010,0.656,0.931,207653,FALSE,,,,,,,,,
Bruno Mars,Talking to the Moon,pop,2010,0.498,0.59,217866,FALSE,,,,,,,,,
Miley Cyrus,Can't Be Tamed,pop,2010,0.63,0.91,168213,FALSE,,,,,,,,,
Mike Posner,Cooler Than Me - Single Mix,"hip hop, pop, Dance/Electronic",2010,0.768,0.82,213293,FALSE,,,,,,,,,
Lady Gaga,Telephone,pop,2009,0.824,0.836,220640,FALSE,,,,,,,,,
Yolanda Be Cool,We No Speak Americano (JT Radio Edit),Dance/Electronic,2010,0.901,0.805,157438,FALSE,,,,,,,,,
Rihanna,Hard,"hip hop, pop, R&B",2009,0.31,0.746,250600,TRUE,,,,,,,,,
Tinie Tempah,Pass Out,"hip hop, pop, Dance/Electronic",2010,0.693,0.891,268053,TRUE,,,,,,,,,
Adam Lambert,Whataya Want from Me,pop,2009,0.438,0.672,227320,FALSE,,,,,,,,,
Trey Songz,Bottoms Up (feat. Nicki Minaj),"hip hop, pop, R&B",2010,0.845,0.601,242013,TRUE,,,,,,,,,
Timbaland,If We Ever Meet Again (Featuring Katy Perry),"hip hop, pop, R&B",2009,0.652,0.605,292706,FALSE,,,,,,,,,
Enrique Iglesias,I Like It,"pop, latin",2010,0.648,0.942,231373,FALSE,,,,,,,,,
Tim Berg,Seek Bromance - Avicii’s Vocal Edit,"pop, Dance/Electronic",2010,0.515,0.837,203960,FALSE,,,,,,,,,
Usher,OMG (feat. will.i.am),"hip hop, pop, R&B",2010,0.781,0.745,269493,FALSE,,,,,,,,,
Maroon 5,Misery,pop,2010,0.703,0.81,216200,FALSE,,,,,,,,,
Jay Sean,Down,"hip hop, pop, R&B",2009,0.657,0.695,212106,FALSE,,,,,,,,,
Rihanna,Man Down,"hip hop, pop, R&B",2010,0.47,0.904,267000,TRUE,,,,,,,,,
3OH!3,My First Kiss (feat. Ke$ha),"hip hop, pop, rock",2010,0.682,0.889,192440,FALSE,,,,,,,,,
Justin Bieber,Baby,pop,2010,0.728,0.859,214240,FALSE,,,,,,,,,
Cali Swag District,Teach Me How to Dougie,"hip hop, pop",2011,0.846,0.438,237480,TRUE,,,,,,,,,
Swedish House Mafia,Miami 2 Ibiza - Swedish House Mafia vs. Tinie Tempah,"pop, Dance/Electronic",2010,0.736,0.929,206460,TRUE,,,,,,,,,
K'NAAN,Wavin' Flag,set(),2009,0.625,0.699,220520,FALSE,,,,,,,,,
Ludacris,How Low,"hip hop, pop",2010,0.785,0.498,201586,TRUE,,,,,,,,,
Kesha,Blah Blah Blah (feat. 3OH!3),"pop, Dance/Electronic",2010,0.752,0.836,172053,TRUE,,,,,,,,,
DJ Khaled,"All I Do Is Win (feat. T-Pain, Ludacris, Snoop Dogg & Rick Ross)","hip hop, pop",2010,0.544,0.781,232506,TRUE,,,,,,,,,
Jason Derulo,In My Head,"hip hop, pop",2010,0.762,0.748,199026,FALSE,,,,,,,,,
Aloe Blacc,I Need A Dollar,R&B,2010,0.84,0.482,243053,FALSE,,,,,,,,,
B.o.B,Airplanes (feat. Hayley Williams of Paramore),"hip hop, pop",2010,0.66,0.867,180480,TRUE,,,,,,,,,
Ludacris,My Chick Bad,"hip hop, pop",2010,0.624,0.723,216933,TRUE,,,,,,,,,
Nelly,Just A Dream,"hip hop, pop, R&B",2010,0.531,0.752,237800,FALSE,,,,,,,,,
Rihanna,What's My Name?,"hip hop, pop, R&B",2010,0.692,0.786,263173,FALSE,,,,,,,,,
Shontelle,Impossible,"pop, R&B",2010,0.599,0.624,226533,FALSE,,,,,,,,,
Take That,The Flood,pop,2010,0.514,0.83,289359,FALSE,,,,,,,,,
Trey Songz,Say Aah (feat. Fabolous),"hip hop, pop, R&B",2009,0.724,0.87,207546,FALSE,,,,,,,,,
Jason Derulo,Whatcha Say,"hip hop, pop",2010,0.615,0.711,221253,FALSE,,,,,,,,,
Drake,Over,"hip hop, pop, R&B",2010,0.325,0.848,233560,TRUE,,,,,,,,,
Example,Kickstarts,"pop, Dance/Electronic",2010,0.61,0.836,181826,FALSE,,,,,,,,,
Plan B,She Said,Dance/Electronic,2010,0.72,0.538,208853,FALSE,,,,,,,,,
The Saturdays,Higher,"pop, Dance/Electronic",2010,0.639,0.862,207613,FALSE,,,,,,,,,
Jay Sean,Do You Remember,"hip hop, pop, R&B",2009,0.855,0.668,210306,FALSE,,,,,,,,,
Usher,Hey Daddy (Daddy's Home),"hip hop, pop, R&B",2010,0.59,0.698,224093,FALSE,,,,,,,,,
Lil Wayne,Right Above It,"hip hop, pop",2010,0.376,0.841,271946,TRUE,,,,,,,,,
The Wanted,All Time Low,"pop, Dance/Electronic",2010,0.689,0.615,205200,FALSE,,,,,,,,,
Kesha,Your Love Is My Drug,"pop, Dance/Electronic",2010,0.826,0.612,187133,FALSE,,,,,,,,,
Ellie Goulding,Starry Eyed,"pop, rock, Dance/Electronic",2010,0.504,0.814,176613,FALSE,,,,,,,,,
Drake,Find Your Love,"hip hop, pop, R&B",2010,0.625,0.613,208946,FALSE,,,,,,,,,
Jason Derulo,Ridin' Solo,"hip hop, pop",2010,0.442,0.83,215746,FALSE,,,,,,,,,
Two Door Cinema Club,What You Know,"World/Traditional, rock, pop",2010,0.55,0.753,189693,FALSE,,,,,,,,,
JAY-Z,Young Forever,hip hop,2009,0.637,0.69,253906,TRUE,,,,,,,,,
Young Money,BedRock,"hip hop, pop",2009,0.733,0.664,288133,TRUE,,,,,,,,,
B.o.B,Nothin' on You (feat. Bruno Mars),"hip hop, pop",2010,0.688,0.853,268320,FALSE,,,,,,,,,
Katy Perry,Teenage Dream,pop,2010,0.719,0.798,227741,FALSE,,,,,,,,,
Scouting For Girls,This Ain't a Love Song,"pop, rock",2017,0.458,0.905,210680,FALSE,,,,,,,,,
Travie McCoy,Billionaire (feat. Bruno Mars),"hip hop, pop",2010,0.633,0.673,211160,TRUE,,,,,,,,,
Owl City,Fireflies,"rock, pop",2009,0.512,0.662,228346,FALSE,,,,,,,,,
Alicia Keys,Empire State of Mind (Part II) Broken Down,"pop, R&B",2009,0.484,0.368,216480,FALSE,,,,,,,,,
Lady A,Need You Now,"pop, country",2010,0.581,0.717,236440,FALSE,,,,,,,,,
Taylor Swift,Back To December,pop,2010,0.529,0.67,293026,FALSE,,,,,,,,,
Neon Trees,Animal,"rock, pop",2010,0.482,0.829,212306,FALSE,,,,,,,,,
Kris Allen,Live Like We're Dying,pop,2009,0.589,0.893,212506,FALSE,,,,,,,,,
Matt Cardle,When We Collide,pop,2011,0.443,0.683,226000,FALSE,,,,,,,,,
Robyn,Dancing On My Own,"pop, Dance/Electronic",2010,0.687,0.865,288670,FALSE,,,,,,,,,
The Band Perry,If I Die Young,country,2010,0.606,0.497,222773,FALSE,,,,,,,,,
B.o.B,Magic (feat. Rivers Cuomo),"hip hop, pop",2010,0.549,0.932,196133,FALSE,,,,,,,,,
Adele,Rolling in the Deep,"pop, R&B",2011,0.73,0.77,228093,TRUE,,,,,,,,,
Maroon 5,"Moves Like Jagger - Studio Recording From ""The Voice"" Performance",pop,2010,0.722,0.761,201493,FALSE,,,,,,,,,
LMFAO,Party Rock Anthem,"hip hop, pop, Dance/Electronic",2011,0.751,0.736,262146,FALSE,,,,,,,,,
Katy Perry,Firework,pop,2010,0.638,0.832,227893,FALSE,,,,,,,,,
Bruno Mars,Grenade,pop,2010,0.704,0.558,222091,FALSE,,,,,,,,,
Pitbull,Hey Baby (Drop It to the Floor) (feat. T-Pain),"hip hop, pop, latin",2011,0.595,0.912,234453,FALSE,,,,,,,,,
Alexandra Stan,Mr. Saxobeat,"pop, Dance/Electronic",2011,0.726,0.931,195105,FALSE,,,,,,,,,
David Guetta,Who's That Chick? (feat. Rihanna),"hip hop, pop, Dance/Electronic",2010,0.675,0.602,201040,FALSE,,,,,,,,,
Jennifer Lopez,On The Floor,"hip hop, pop, R&B",2011,0.73,0.777,284866,FALSE,,,,,,,,,
Rihanna,S&M,"hip hop, pop, R&B",2010,0.767,0.682,243533,FALSE,,,,,,,,,
Kesha,Blow,"pop, Dance/Electronic",2010,0.753,0.729,219973,FALSE,,,,,,,,,
Snoop Dogg,Sweat - Remix,"hip hop, pop",2011,0.813,0.732,195986,FALSE,,,,,,,,,
Taio Cruz,Higher,"hip hop, pop",2010,0.672,0.907,187626,FALSE,,,,,,,,,
Usher,More - RedOne Jimmy Joker Remix,"hip hop, pop, R&B",2010,0.551,0.893,219986,FALSE,,,,,,,,,
Example,Changed the Way You Kiss Me - Radio Edit,"pop, Dance/Electronic",2011,0.578,0.857,195466,FALSE,,,,,,,,,
Black Eyed Peas,Just Can’t Get Enough,"hip hop, pop",2010,0.659,0.628,219426,FALSE,,,,,,,,,
David Guetta,Where Them Girls At (feat. Nicki Minaj & Flo Rida),"hip hop, pop, Dance/Electronic",2012,0.666,0.876,194840,TRUE,,,,,,,,,
Lykke Li,I Follow Rivers - The Magician Remix,"pop, Dance/Electronic",2011,0.786,0.709,281106,FALSE,,,,,,,,,
Pitbull,"Give Me Everything (feat. Ne-Yo, Afrojack & Nayer)","hip hop, pop, latin",2011,0.671,0.939,252306,FALSE,,,,,,,,,
Selena Gomez & The Scene,Love You Like A Love Song,"pop, Dance/Electronic",2011,0.858,0.678,188453,FALSE,,,,,,,,,
Wiz Khalifa,Black and Yellow,"hip hop, pop",2011,0.684,0.834,217666,TRUE,,,,,,,,,
Katy Perry,E.T.,pop,2012,0.62,0.869,229573,FALSE,,,,,,,,,
Britney Spears,I Wanna Go,pop,2011,0.696,0.546,210266,FALSE,,,,,,,,,
Gym Class Heroes,Stereo Hearts (feat. Adam Levine),"hip hop, pop",2011,0.646,0.795,210960,FALSE,,,,,,,,,
Edward Maya,Stereo Love - Radio Edit,pop,2010,0.799,0.783,184573,FALSE,,,,,,,,,
Enrique Iglesias,Tonight (I'm Fuckin' You),"pop, latin",2010,0.648,0.89,232213,TRUE,,,,,,,,,
Jeremih,Down On Me,"hip hop, pop, R&B",2010,0.7,0.598,228453,FALSE,,,,,,,,,
Sak Noel,Loca People - Radio Edit,Dance/Electronic,2011,0.926,0.808,215624,TRUE,,,,,,,,,
Olly Murs,Heart Skips a Beat (feat. Rizzle Kicks),"pop, Dance/Electronic",2011,0.843,0.881,202266,FALSE,,,,,,,,,
LMFAO,Sexy And I Know It,"hip hop, pop, Dance/Electronic",2011,0.707,0.861,199480,FALSE,,,,,,,,,
Cobra Starship,You Make Me Feel... (feat. Sabi),"pop, Dance/Electronic",2011,0.668,0.857,215693,FALSE,,,,,,,,,
Jessie J,Do It Like A Dude,"hip hop, pop",2011,0.663,0.843,195240,TRUE,,,,,,,,,
DJ Fresh,Louder (feat. Sian Evans) - Radio Edit,"pop, Dance/Electronic",2012,0.31,0.926,206776,FALSE,,,,,,,,,
Waka Flocka Flame,No Hands (feat. Roscoe Dash & Wale),"hip hop, pop",2010,0.76,0.595,263773,TRUE,,,,,,,,,
Nickelback,When We Stand Together,"rock, metal",2011,0.446,0.9,190786,FALSE,,,,,,,,,
M83,Midnight City,"rock, pop, metal, Dance/Electronic",2011,0.507,0.729,243960,FALSE,,,,,,,,,
Britney Spears,Till the World Ends,pop,2011,0.693,0.705,237946,FALSE,,,,,,,,,
Labrinth,Earthquake (feat. Tinie Tempah),pop,2012,0.54,0.856,274600,TRUE,,,,,,,,,
Jason Derulo,Don't Wanna Go Home,"hip hop, pop",2011,0.671,0.808,206080,FALSE,,,,,,,,,
Coldplay,Paradise,"rock, pop",2011,0.449,0.585,278719,FALSE,,,,,,,,,
Katy Perry,Last Friday Night (T.G.I.F.),pop,2012,0.649,0.815,230746,FALSE,,,,,,,,,
Adele,Set Fire to the Rain,"pop, R&B",2011,0.603,0.67,242973,FALSE,,,,,,,,,
Dr. Dre,I Need A Doctor,hip hop,2011,0.594,0.946,283733,TRUE,,,,,,,,,
Lil Wayne,6 Foot 7 Foot,"hip hop, pop",2011,0.364,0.752,248586,TRUE,,,,,,,,,
DJ Khaled,I'm On One,"hip hop, pop",2011,0.413,0.807,296146,TRUE,,,,,,,,,
Chris Brown,Look At Me Now (feat. Lil' Wayne & Busta Rhymes),"hip hop, pop, R&B",2011,0.767,0.677,222586,TRUE,,,,,,,,,
Far East Movement,Rocketeer,"hip hop, pop",2010,0.664,0.845,211253,FALSE,,,,,,,,,
The Wanted,Glad You Came,"pop, Dance/Electronic",2011,0.722,0.851,197935,FALSE,,,,,,,,,
Kesha,We R Who We R,"pop, Dance/Electronic",2010,0.736,0.817,204760,FALSE,,,,,,,,,
Kelly Rowland,Motivation,"hip hop, pop, R&B",2011,0.744,0.672,230560,FALSE,,,,,,,,,
Rihanna,We Found Love,"hip hop, pop, R&B",2011,0.735,0.766,215226,FALSE,,,,,,,,,
Nicole Scherzinger,Don't Hold Your Breath,"pop, Dance/Electronic",2011,0.66,0.797,197440,FALSE,,,,,,,,,
Mann,Buzzin Remix,"hip hop, pop",2011,0.687,0.939,224333,TRUE,,,,,,,,,
Chris Brown,Yeah 3x,"hip hop, pop, R&B",2011,0.705,0.882,241666,TRUE,,,,,,,,,
Swedish House Mafia,Save The World,"pop, Dance/Electronic",2011,0.507,0.665,213337,FALSE,,,,,,,,,
Kanye West,All Of The Lights,hip hop,2010,0.531,0.803,299613,TRUE,,,,,,,,,
Miguel,Sure Thing,"pop, R&B",2010,0.684,0.607,195373,FALSE,,,,,,,,,
Diddy - Dirty Money,Coming Home,"hip hop, pop, R&B",2010,0.392,0.839,238693,FALSE,,,,,,,,,
Rihanna,What's My Name?,"hip hop, pop, R&B",2010,0.692,0.786,263173,FALSE,,,,,,,,,
Chris Brown,Beautiful People,"hip hop, pop, R&B",2019,0.415,0.775,225881,FALSE,,,,,,,,,
Avril Lavigne,What the Hell,pop,2011,0.578,0.926,220706,FALSE,,,,,,,,,
Professor Green,Read All About It,Dance/Electronic,2011,0.656,0.752,235735,TRUE,,,,,,,,,
Chase & Status,Blind Faith,Dance/Electronic,2011,0.45,0.846,233666,FALSE,,,,,,,,,
Chip,Champion (feat. Chris Brown),"hip hop, Dance/Electronic",2011,0.415,0.934,237293,TRUE,,,,,,,,,
Selena Gomez & The Scene,Who Says,"pop, Dance/Electronic",2011,0.682,0.927,195613,FALSE,,,,,,,,,
Rizzle Kicks,Down With The Trumpets,hip hop,2011,0.753,0.88,186851,FALSE,,,,,,,,,
Lady Gaga,Born This Way,pop,2011,0.587,0.828,260253,FALSE,,,,,,,,,
Nicki Minaj,Super Bass,"hip hop, pop",2010,0.72,0.861,200013,TRUE,,,,,,,,,
Mac Miller,Donald Trump,hip hop,2011,0.636,0.901,165908,TRUE,,,,,,,,,
Calvin Harris,Bounce (feat. Kelis) - Radio Edit,"hip hop, pop, Dance/Electronic",2012,0.779,0.963,222186,FALSE,,,,,,,,,
David Guetta,Without You (feat. Usher),"hip hop, pop, Dance/Electronic",2012,0.608,0.614,208133,FALSE,,,,,,,,,
Foster The People,Pumped Up Kicks,"rock, pop",2011,0.733,0.71,239600,FALSE,,,,,,,,,
Drake,Headlines,"hip hop, pop, R&B",2011,0.636,0.566,235986,TRUE,,,,,,,,,
Jessie J,Price Tag,"hip hop, pop",2011,0.636,0.831,223053,FALSE,,,,,,,,,
Jason Aldean,Dirt Road Anthem,country,2010,0.678,0.739,229413,FALSE,,,,,,,,,
Wiz Khalifa,Roll Up,"hip hop, pop",2011,0.523,0.805,227773,TRUE,,,,,,,,,
OneRepublic,Good Life,pop,2009,0.634,0.69,253306,TRUE,,,,,,,,,
Bad Meets Evil,Lighters,"hip hop, pop",2011,0.676,0.695,303813,TRUE,,,,,,,,,
Bruno Mars,The Lazy Song,pop,2010,0.794,0.711,189109,FALSE,,,,,,,,,
Lupe Fiasco,The Show Goes On,"hip hop, pop",2011,0.591,0.889,239613,TRUE,,,,,,,,,
James Morrison,I Won't Let You Go,"pop, R&B",2011,0.537,0.611,229303,FALSE,,,,,,,,,
Jason Derulo,It Girl,"hip hop, pop",2011,0.668,0.718,192200,FALSE,,,,,,,,,
Adele,Someone Like You,"pop, R&B",2011,0.554,0.321,285240,FALSE,,,,,,,,,
Red Hot Chili Peppers,The Adventures of Rain Dance Maggie,rock,2011,0.683,0.734,282400,FALSE,,,,,,,,,
Keri Hilson,Pretty Girl Rock,"pop, R&B",2010,0.666,0.87,243920,FALSE,,,,,,,,,
P!nk,F**kin' Perfect,pop,2010,0.563,0.671,213413,TRUE,,,,,,,,,
Blake Shelton,Honey Bee,country,2011,0.481,0.849,210720,FALSE,,,,,,,,,
Lady Gaga,The Edge Of Glory,pop,2011,0.583,0.768,320546,FALSE,,,,,,,,,
Lady A,Just A Kiss,"pop, country",2011,0.593,0.639,218840,FALSE,,,,,,,,,
Hot Chelle Rae,Tonight Tonight,"hip hop, pop, rock",2011,0.686,0.783,200466,FALSE,,,,,,,,,
Grouplove,Tongue Tied,"pop, rock, Folk/Acoustic",2011,0.56,0.936,218013,FALSE,,,,,,,,,
Coldplay,Every Teardrop Is a Waterfall,"rock, pop",2011,0.425,0.732,240796,FALSE,,,,,,,,,
Beyoncé,Best Thing I Never Had,"pop, R&B",2011,0.545,0.649,253746,FALSE,,,,,,,,,
P!nk,Raise Your Glass,pop,2010,0.7,0.709,202960,TRUE,,,,,,,,,
Christina Perri,Jar of Hearts,pop,2011,0.349,0.348,246587,FALSE,,,,,,,,,
Bruno Mars,Marry You,pop,2010,0.621,0.82,230192,FALSE,,,,,,,,,
The Band Perry,If I Die Young,country,2010,0.606,0.497,222773,FALSE,,,,,,,,,
Lil Wayne,How To Love,"hip hop, pop",2011,0.644,0.661,240306,FALSE,,,,,,,,,
Charlene Soraia,Wherever You Will Go,pop,2011,0.597,0.115,197577,FALSE,,,,,,,,,
Christina Perri,A Thousand Years,pop,2011,0.421,0.407,285120,FALSE,,,,,,,,,
Rihanna,We Found Love,"hip hop, pop, R&B",2011,0.735,0.766,215226,FALSE,,,,,,,,,
Carly Rae Jepsen,Call Me Maybe,"pop, Dance/Electronic",2012,0.783,0.58,193400,FALSE,,,,,,,,,
fun.,We Are Young (feat. Janelle Monáe),"rock, pop",2012,0.378,0.638,250626,FALSE,,,,,,,,,
Sean Paul,She Doesn't Mind,"hip hop, pop",2012,0.718,0.776,227786,FALSE,,,,,,,,,
Pitbull,International Love (feat. Chris Brown),"hip hop, pop, latin",2011,0.67,0.855,227280,FALSE,,,,,,,,,
DEV,In The Dark,"pop, Dance/Electronic",2012,0.736,0.824,226226,FALSE,,,,,,,,,
Adele,Skyfall,"pop, R&B",2012,0.346,0.552,286480,FALSE,,,,,,,,,
David Guetta,Turn Me On (feat. Nicki Minaj),"hip hop, pop, Dance/Electronic",2012,0.704,0.793,199680,FALSE,,,,,,,,,
Rihanna,Where Have You Been,"hip hop, pop, R&B",2011,0.719,0.847,242680,FALSE,,,,,,,,,
JAY-Z,Ni**as In Paris,hip hop,2011,0.789,0.858,219333,TRUE,,,,,,,,,
Maroon 5,One More Night,pop,2012,0.716,0.821,219546,FALSE,,,,,,,,,
Skrillex,Bangarang (feat. Sirah),"hip hop, pop, Dance/Electronic",2011,0.716,0.972,215253,TRUE,,,,,,,,,
The Wanted,Chasing The Sun,"pop, Dance/Electronic",2012,0.637,0.732,198800,FALSE,,,,,,,,,
Flo Rida,Whistle,"hip hop, pop",2012,0.747,0.937,224653,FALSE,,,,,,,,,
will.i.am,This Is Love,"hip hop, pop",2013,0.535,0.796,279026,FALSE,,,,,,,,,
David Guetta,She Wolf (Falling to Pieces) [feat. Sia],"hip hop, pop, Dance/Electronic",2012,0.492,0.857,222500,FALSE,,,,,,,,,
Nicki Minaj,Pound The Alarm,"hip hop, pop",2012,0.728,0.858,205640,TRUE,,,,,,,,,
Kendrick Lamar,Swimming Pools (Drank) - Extended Version,hip hop,2012,0.716,0.485,313786,TRUE,,,,,,,,,
MARINA,Primadonna,"pop, Dance/Electronic",2012,0.66,0.689,221075,FALSE,,,,,,,,,
Kanye West,Mercy,hip hop,2012,0.563,0.496,329320,TRUE,,,,,,,,,
DJ Fresh,Hot Right Now (feat. RITA ORA) - Radio Edit,"pop, Dance/Electronic",2012,0.524,0.972,182333,FALSE,,,,,,,,,
LMFAO,Sexy And I Know It,"hip hop, pop, Dance/Electronic",2011,0.707,0.861,199480,FALSE,,,,,,,,,
PSY,Gangnam Style (강남스타일),pop,2012,0.727,0.937,219493,FALSE,,,,,,,,,
Kesha,Die Young,"pop, Dance/Electronic",2012,0.711,0.7,211920,FALSE,,,,,,,,,
Usher,Scream,"hip hop, pop, R&B",2012,0.616,0.862,234693,FALSE,,,,,,,,,
Olly Murs,Troublemaker (feat. Flo Rida),"pop, Dance/Electronic",2012,0.762,0.863,185586,FALSE,,,,,,,,,
Linkin Park,BURN IT DOWN,"rock, metal",2012,0.585,0.972,230253,FALSE,,,,,,,,,
Bruno Mars,Locked out of Heaven,pop,2012,0.726,0.698,233478,FALSE,,,,,,,,,
Avicii,Levels - Radio Edit,"pop, Dance/Electronic",2011,0.584,0.889,199906,FALSE,,,,,,,,,
Flo Rida,Good Feeling,"hip hop, pop",2012,0.706,0.89,248133,FALSE,,,,,,,,,
Rihanna,Diamonds,"hip hop, pop, R&B",2012,0.564,0.71,225146,FALSE,,,,,,,,,
Wiz Khalifa,"Work Hard, Play Hard","hip hop, pop",2012,0.787,0.666,219026,TRUE,,,,,,,,,
Katy Perry,Part Of Me,pop,2012,0.678,0.918,216160,FALSE,,,,,,,,,
Nicki Minaj,Starships,"hip hop, pop",2012,0.747,0.716,210626,TRUE,,,,,,,,,
Kendrick Lamar,m.A.A.d city,hip hop,2012,0.487,0.729,350120,TRUE,,,,,,,,,
Asaf Avidan & the Mojos,One Day / Reckoning Song (Wankelmut Remix) [Radio Edit],pop,2012,0.821,0.676,212360,FALSE,,,,,,,,,
Florence + The Machine,Spectrum (Say My Name) - Calvin Harris Remix,"rock, pop, Dance/Electronic",2011,0.578,0.946,218190,FALSE,,,,,,,,,
Azealia Banks,212,"hip hop, pop, R&B",2014,0.847,0.769,204956,TRUE,,,,,,,,,
Maroon 5,Payphone,pop,2012,0.743,0.752,231173,TRUE,,,,,,,,,
James Arthur,Impossible,pop,2013,0.376,0.695,209440,FALSE,,,,,,,,,
Michel Teló,Ai Se Eu Te Pego - Live,"country, latin",2012,0.676,0.935,166866,FALSE,,,,,,,,,
Otto Knows,Million Voices - Radio Edit,"pop, Dance/Electronic",2012,0.582,0.894,192866,FALSE,,,,,,,,,
Icona Pop,I Love It,"pop, Dance/Electronic",2012,0.71,0.901,156773,TRUE,,,,,,,,,
Tyga,Rack City,"hip hop, pop",2012,0.929,0.339,203200,TRUE,,,,,,,,,
Calvin Harris,Feel So Close - Radio Edit,"hip hop, pop, Dance/Electronic",2012,0.707,0.924,206413,FALSE,,,,,,,,,
Jennifer Lopez,Dance Again,"hip hop, pop, R&B",2012,0.797,0.867,237266,FALSE,,,,,,,,,
Grimes,Oblivion,"pop, rock, Dance/Electronic",2012,0.697,0.529,251266,FALSE,,,,,,,,,
Adele,Rumour Has It,"pop, R&B",2011,0.612,0.748,223266,FALSE,,,,,,,,,
Coldplay,Paradise,"rock, pop",2011,0.449,0.585,278719,FALSE,,,,,,,,,
Chris Brown,Turn Up the Music,"hip hop, pop, R&B",2012,0.594,0.841,227973,FALSE,,,,,,,,,
Frank Ocean,Lost,"hip hop, pop, R&B",2012,0.913,0.603,234093,TRUE,,,,,,,,,
Calvin Harris,Let's Go (feat. Ne-Yo),"hip hop, pop, Dance/Electronic",2012,0.71,0.882,232800,FALSE,,,,,,,,,
The Script,Hall of Fame (feat. will.i.am),"pop, rock",2012,0.421,0.873,202533,FALSE,,,,,,,,,
Swedish House Mafia,Don't You Worry Child - Radio Edit,"pop, Dance/Electronic",2012,0.612,0.84,212862,FALSE,,,,,,,,,
MARINA,How to Be a Heartbreaker,"pop, Dance/Electronic",2012,0.69,0.897,221493,FALSE,,,,,,,,,
Justin Bieber,Boyfriend,pop,2012,0.717,0.55,171333,FALSE,,,,,,,,,
David Guetta,Titanium (feat. Sia),"hip hop, pop, Dance/Electronic",2012,0.604,0.787,245040,FALSE,,,,,,,,,
Jessie J,Domino,"hip hop, pop",2011,0.758,0.557,231840,FALSE,,,,,,,,,
Taylor Swift,I Knew You Were Trouble.,pop,2012,0.622,0.469,219720,FALSE,,,,,,,,,
ScHoolboy Q,Hands on the Wheel (feat. Asap Rocky),"hip hop, pop",2012,0.646,0.784,197131,TRUE,,,,,,,,,
P!nk,Try,pop,2012,0.674,0.628,247906,FALSE,,,,,,,,,
Robbie Williams,Candy,"pop, rock",2012,0.715,0.791,201053,FALSE,,,,,,,,,
Snoop Dogg,"Young, Wild & Free (feat. Bruno Mars)","hip hop, pop",2011,0.715,0.655,207333,TRUE,,,,,,,,,
Justin Bieber,As Long As You Love Me,pop,2012,0.571,0.873,229466,FALSE,,,,,,,,,
Rita Ora,R.I.P. (feat. Tinie Tempah),"hip hop, pop, Dance/Electronic",2012,0.603,0.831,228026,FALSE,,,,,,,,,
Alex Clare,Too Close,rock,2011,0.588,0.694,256613,FALSE,,,,,,,,,
Tyga,Faded,"hip hop, pop",2012,0.831,0.667,206666,TRUE,,,,,,,,,
Alesso,Years - ラジオ・エディット,"pop, Dance/Electronic",2012,0.37,0.823,195480,FALSE,,,,,,,,,
Guy Sebastian,Battle Scars (feat. Lupe Fiasco),pop,2012,0.61,0.863,250080,FALSE,,,,,,,,,
Katy Perry,The One That Got Away,pop,2012,0.687,0.792,227333,FALSE,,,,,,,,,
Avicii,Silhouettes - Original Radio Edit,"pop, Dance/Electronic",2012,0.605,0.8,211880,FALSE,,,,,,,,,
Gotye,Somebody That I Used To Know,set(),2011,0.863,0.527,244884,FALSE,,,,,,,,,
Flo Rida,Wild Ones (feat. Sia),"hip hop, pop",2012,0.608,0.86,232946,FALSE,,,,,,,,,
One Direction,What Makes You Beautiful,pop,2012,0.726,0.787,199986,FALSE,,,,,,,,,
Lana Del Rey,Born To Die,pop,2012,0.18,0.636,286253,FALSE,,,,,,,,,
Kesha,C'Mon,"pop, Dance/Electronic",2012,0.558,0.781,214333,FALSE,,,,,,,,,
Owl City,Good Time,"rock, pop",2012,0.56,0.872,205933,FALSE,,,,,,,,,
Calvin Harris,We'll Be Coming Back (feat. Example),"hip hop, pop, Dance/Electronic",2012,0.596,0.952,234360,FALSE,,,,,,,,,
Emeli Sandé,"Read All About It, Pt. III","pop, R&B",2012,0.63,0.44,283706,FALSE,,,,,,,,,
Ellie Goulding,Lights - Single Version,"pop, rock, Dance/Electronic",2010,0.682,0.795,210853,FALSE,,,,,,,,,
Train,Drive By,pop,2012,0.765,0.837,195973,FALSE,,,,,,,,,
Disclosure,Latch,"pop, Dance/Electronic",2013,0.503,0.727,255631,FALSE,,,,,,,,,
Coldplay,Princess of China,"rock, pop",2011,0.42,0.69,239215,FALSE,,,,,,,,,
One Direction,Live While We're Young,pop,2012,0.658,0.837,200186,FALSE,,,,,,,,,
Gym Class Heroes,Ass Back Home (feat. Neon Hitch),"hip hop, pop",2011,0.716,0.838,222213,TRUE,,,,,,,,,
Carrie Underwood,Blown Away,"pop, country",2012,0.531,0.843,240133,FALSE,,,,,,,,,
alt-J,Breezeblocks,rock,2012,0.616,0.656,227080,FALSE,,,,,,,,,
Chris Brown,Don't Wake Me Up,"hip hop, pop, R&B",2012,0.602,0.691,222306,FALSE,,,,,,,,,
Kelly Clarkson,Stronger (What Doesn't Kill You),"pop, R&B",2011,0.562,0.939,221946,FALSE,,,,,,,,,
Drake,The Motto,"hip hop, pop, R&B",2011,0.766,0.442,181573,TRUE,,,,,,,,,
Katy Perry,Wide Awake,pop,2012,0.514,0.683,220946,FALSE,,,,,,,,,
Rita Ora,How We Do (Party),"hip hop, pop, Dance/Electronic",2012,0.738,0.922,247026,TRUE,,,,,,,,,
Rudimental,Feel the Love (feat. John Newman),"pop, Dance/Electronic",2013,0.389,0.706,245186,FALSE,,,,,,,,,
Lana Del Rey,Ride,pop,2012,0.373,0.686,289080,TRUE,,,,,,,,,
Ne-Yo,Let Me Love You (Until You Learn To Love Yourself),"pop, R&B",2012,0.658,0.677,251626,FALSE,,,,,,,,,
Demi Lovato,Give Your Heart a Break,pop,2011,0.651,0.695,205346,FALSE,,,,,,,,,
Drake,Take Care,"hip hop, pop, R&B",2011,0.629,0.515,277386,TRUE,,,,,,,,,
Little Mix,Wings,pop,2012,0.738,0.875,219733,FALSE,,,,,,,,,
Bruno Mars,It Will Rain,pop,2011,0.576,0.835,257720,FALSE,,,,,,,,,
Cher Lloyd,Want U Back,"pop, Dance/Electronic",2011,0.696,0.893,214013,FALSE,,,,,,,,,
Lorde,Royals,"pop, Dance/Electronic",2013,0.674,0.428,190185,FALSE,,,,,,,,,
Robin Thicke,Blurred Lines,"pop, R&B",2013,0.861,0.504,263053,FALSE,,,,,,,,,
Imagine Dragons,Radioactive,rock,2012,0.448,0.784,186813,FALSE,,,,,,,,,
Avicii,Wake Me Up,"pop, Dance/Electronic",2013,0.532,0.783,247426,FALSE,,,,,,,,,
Bruno Mars,Locked out of Heaven,pop,2012,0.726,0.698,233478,FALSE,,,,,,,,,
Macklemore & Ryan Lewis,Thrift Shop (feat. Wanz),"hip hop, pop",2012,0.781,0.526,235613,TRUE,,,,,,,,,
Daft Punk,Get Lucky (feat. Pharrell Williams & Nile Rodgers) - Radio Edit,"hip hop, Dance/Electronic",2013,0.794,0.811,248413,FALSE,,,,,,,,,
will.i.am,Scream & Shout,"hip hop, pop",2013,0.772,0.685,283400,TRUE,,,,,,,,,
Stromae,Papaoutai,pop,2013,0.733,0.818,232146,FALSE,,,,,,,,,
Bingo Players,Get Up (Rattle) - Vocal Edit,"pop, Dance/Electronic",2013,0.801,0.985,166933,FALSE,,,,,,,,,
Naughty Boy,La La La,Dance/Electronic,2013,0.754,0.677,220779,FALSE,,,,,,,,,
Tom Odell,Another Love,pop,2013,0.445,0.537,244360,TRUE,,,,,,,,,
2 Chainz,We Own It (Fast & Furious),"hip hop, pop",2013,0.563,0.902,227906,FALSE,,,,,,,,,
David Guetta,Play Hard (feat. Ne-Yo & Akon),"hip hop, pop, Dance/Electronic",2012,0.691,0.921,201000,FALSE,,,,,,,,,
Pitbull,Feel This Moment (feat. Christina Aguilera),"hip hop, pop, latin",2012,0.673,0.758,229506,FALSE,,,,,,,,,
will.i.am,#thatPOWER,"hip hop, pop",2013,0.797,0.608,279506,FALSE,,,,,,,,,
Lil Wayne,Love Me,"hip hop, pop",2013,0.669,0.634,255053,TRUE,,,,,,,,,
Macklemore & Ryan Lewis,Can't Hold Us (feat. Ray Dalton),"hip hop, pop",2012,0.641,0.922,258342,FALSE,,,,,,,,,
Martin Garrix,Animals - Radio Edit,"pop, Dance/Electronic",2013,0.593,0.914,176117,FALSE,,,,,,,,,
Jason Derulo,Talk Dirty (feat. 2 Chainz),"hip hop, pop",2013,0.76,0.652,177685,TRUE,,,,,,,,,
John Newman,Love Me Again,set(),2013,0.495,0.894,239894,FALSE,,,,,,,,,
Britney Spears,Work B**ch,pop,2013,0.63,0.816,247853,TRUE,,,,,,,,,
The Neighbourhood,Sweater Weather,"rock, pop",2013,0.612,0.807,240400,FALSE,,,,,,,,,
Sebastian Ingrosso,Reload - Radio Edit,"pop, Dance/Electronic",2013,0.485,0.724,221272,FALSE,,,,,,,,,
Capital Cities,Safe And Sound,pop,2013,0.652,0.783,192693,FALSE,,,,,,,,,
Demi Lovato,Heart Attack,pop,2013,0.504,0.785,210840,FALSE,,,,,,,,,
Arctic Monkeys,Why'd You Only Call Me When You're High?,rock,2013,0.691,0.631,161123,FALSE,,,,,,,,,
Justin Bieber,Beauty And A Beat,pop,2012,0.602,0.843,227986,FALSE,,,,,,,,,
Eminem,The Monster,hip hop,2013,0.781,0.853,250188,TRUE,,,,,,,,,
Pitbull,Don't Stop the Party (feat. TJR),"hip hop, pop, latin",2012,0.722,0.958,206120,FALSE,,,,,,,,,
Selena Gomez,Come & Get It,pop,2013,0.546,0.787,231986,FALSE,,,,,,,,,
P!nk,True Love (feat. Lily Allen),pop,2012,0.457,0.823,230733,TRUE,,,,,,,,,
Disclosure,White Noise,"pop, Dance/Electronic",2013,0.665,0.844,277687,FALSE,,,,,,,,,
Flo Rida,I Cry,"hip hop, pop",2012,0.693,0.822,223800,FALSE,,,,,,,,,
Kanye West,Black Skinhead,hip hop,2013,0.578,0.825,188013,TRUE,,,,,,,,,
Lana Del Rey,Summertime Sadness (Lana Del Rey Vs. Cedric Gervais) - Cedric Gervais Remix,pop,2013,0.572,0.81,214912,FALSE,,,,,,,,,
Eminem,Berzerk,hip hop,2013,0.739,0.872,238746,TRUE,,,,,,,,,
Icona Pop,I Love It (feat. Charli XCX),"pop, Dance/Electronic",2013,0.711,0.906,157152,TRUE,,,,,,,,,
Fall Out Boy,My Songs Know What You Did In The Dark (Light Em Up),rock,2013,0.558,0.924,186826,FALSE,,,,,,,,,
Lorde,Team,"pop, Dance/Electronic",2013,0.691,0.582,193058,FALSE,,,,,,,,,
Avicii,I Could Be The One (Avicii Vs. Nicky Romero) - Radio Edit,"pop, Dance/Electronic",2012,0.509,0.79,208316,FALSE,,,,,,,,,
Imagine Dragons,Demons,rock,2012,0.505,0.71,177506,FALSE,,,,,,,,,
One Direction,One Way or Another (Teenage Kicks),pop,2013,0.489,0.867,157293,FALSE,,,,,,,,,
Taylor Swift,I Knew You Were Trouble.,pop,2012,0.622,0.469,219720,FALSE,,,,,,,,,
Arctic Monkeys,Do I Wanna Know?,rock,2013,0.548,0.532,272394,FALSE,,,,,,,,,
Rudimental,Waiting All Night (feat. Ella Eyre),"pop, Dance/Electronic",2013,0.544,0.728,292586,FALSE,,,,,,,,,
Klangkarussell,Sonnentanz - Sun Don't Shine,"pop, Dance/Electronic",2014,0.579,0.549,238120,FALSE,,,,,,,,,
Calvin Harris,Drinking from the Bottle (feat. Tinie Tempah),"hip hop, pop, Dance/Electronic",2012,0.665,0.886,240346,FALSE,,,,,,,,,
A$AP Rocky,"F**kin' Problems (feat. Drake, 2 Chainz & Kendrick Lamar)",hip hop,2013,0.853,0.693,233786,TRUE,,,,,,,,,
P!nk,Try,pop,2012,0.674,0.628,247906,FALSE,,,,,,,,,
Ylvis,The Fox (What Does the Fox Say?),hip hop,2013,0.703,0.867,213708,FALSE,,,,,,,,,
Ellie Goulding,Burn,"pop, rock, Dance/Electronic",2014,0.559,0.777,231211,FALSE,,,,,,,,,
Baauer,Harlem Shake,Dance/Electronic,2013,0.452,0.794,196664,FALSE,,,,,,,,,
Calvin Harris,I Need Your Love (feat. Ellie Goulding),"hip hop, pop, Dance/Electronic",2012,0.695,0.869,234506,FALSE,,,,,,,,,
Katy Perry,This Is How We Do,pop,2013,0.69,0.636,204285,FALSE,,,,,,,,,
AWOLNATION,Sail,"pop, rock",2011,0.825,0.435,259102,FALSE,,,,,,,,,
Duke Dumont,Need U (100%) [feat. A*M*E] - Radio Edit,"pop, Dance/Electronic",2013,0.681,0.835,174853,FALSE,,,,,,,,,
Jason Derulo,The Other Side,"hip hop, pop",2013,0.561,0.836,226986,FALSE,,,,,,,,,
Storm Queen,Look Right Through - MK Vocal Edit,Dance/Electronic,2014,0.832,0.815,150400,FALSE,,,,,,,,,
Calvin Harris,Sweet Nothing (feat. Florence Welch),"hip hop, pop, Dance/Electronic",2012,0.573,0.929,212560,FALSE,,,,,,,,,
Katy Perry,Unconditionally,pop,2013,0.555,0.729,228878,FALSE,,,,,,,,,
Wale,Bad (feat. Rihanna) - Remix,"hip hop, pop, R&B",2013,0.807,0.702,238826,TRUE,,,,,,,,,
Ciara,Body Party,"pop, R&B",2013,0.577,0.576,234040,FALSE,,,,,,,,,
Drake,Started From the Bottom,"hip hop, pop, R&B",2013,0.794,0.523,174120,TRUE,,,,,,,,,
Birdy,Wings,pop,2013,0.474,0.707,252106,FALSE,,,,,,,,,
Bastille,Of The Night,"pop, rock",2013,0.67,0.829,214205,FALSE,,,,,,,,,
Olly Murs,Dear Darlin',"pop, Dance/Electronic",2012,0.512,0.828,206373,FALSE,,,,,,,,,
Katy Perry,Roar,pop,2013,0.554,0.772,223546,FALSE,,,,,,,,,
Blake Shelton,Sure Be Cool If You Did,country,2013,0.576,0.726,215720,FALSE,,,,,,,,,
Calvin Harris,Thinking About You (feat. Ayah Marar),"hip hop, pop, Dance/Electronic",2012,0.725,0.874,247933,FALSE,,,,,,,,,
JAY-Z,Holy Grail,hip hop,2013,0.676,0.534,338413,TRUE,,,,,,,,,
Bridgit Mendler,Ready or Not,pop,2012,0.715,0.872,200946,FALSE,,,,,,,,,
The Saturdays,What About Us,"pop, Dance/Electronic",2013,0.704,0.68,220682,FALSE,,,,,,,,,
Bastille,Pompeii,"pop, rock",2013,0.679,0.715,214147,FALSE,,,,,,,,,
One Direction,Best Song Ever,pop,2013,0.652,0.877,200106,FALSE,,,,,,,,,
Nelly,Hey Porsche,"hip hop, pop, R&B",2013,0.726,0.795,209466,TRUE,,,,,,,,,
Zedd,Clarity,"hip hop, pop, Dance/Electronic",2012,0.523,0.78,271426,FALSE,,,,,,,,,
Miley Cyrus,Wrecking Ball,pop,2013,0.53,0.422,221360,FALSE,,,,,,,,,
Chris Brown,Fine China,"hip hop, pop, R&B",2013,0.659,0.735,213666,FALSE,,,,,,,,,
Daft Punk,Lose Yourself to Dance (feat. Pharrell Williams),"hip hop, Dance/Electronic",2013,0.832,0.659,353893,FALSE,,,,,,,,,
Armin van Buuren,This Is What It Feels Like,"pop, Dance/Electronic",2013,0.551,0.833,204360,FALSE,,,,,,,,,
Justin Timberlake,Mirrors,pop,2013,0.574,0.512,484146,FALSE,,,,,,,,,
Bruno Mars,Treasure,pop,2012,0.874,0.692,178560,TRUE,,,,,,,,,
Of Monsters and Men,Little Talks,"pop, rock, Folk/Acoustic",2012,0.457,0.757,266600,FALSE,,,,,,,,,
Miley Cyrus,We Can't Stop,pop,2013,0.613,0.622,231240,FALSE,,,,,,,,,
J. Cole,Power Trip (feat. Miguel),hip hop,2013,0.667,0.61,241160,TRUE,,,,,,,,,
Paramore,Still into You,"pop, rock",2013,0.602,0.923,216013,FALSE,,,,,,,,,
Christina Perri,human,pop,2013,0.439,0.489,250706,FALSE,,,,,,,,,
Drake,"Hold On, We're Going Home","hip hop, pop, R&B",2013,0.773,0.414,227880,FALSE,,,,,,,,,
James Blunt,Bonfire Heart,pop,2013,0.575,0.821,238000,FALSE,,,,,,,,,
Maroon 5,Daylight,pop,2012,0.656,0.674,225066,FALSE,,,,,,,,,
Childish Gambino,3005,hip hop,2013,0.681,0.463,235662,TRUE,,,,,,,,,
Avril Lavigne,Here's to Never Growing Up,pop,2013,0.483,0.871,214080,TRUE,,,,,,,,,
Taylor Swift,22,pop,2012,0.661,0.729,232120,FALSE,,,,,,,,,
Passenger,Let Her Go,pop,2012,0.509,0.538,252866,FALSE,,,,,,,,,
Ariana Grande,The Way,pop,2013,0.645,0.878,227026,FALSE,,,,,,,,,
Rihanna,Stay,"hip hop, pop, R&B",2012,0.621,0.31,240706,FALSE,,,,,,,,,
Justin Timberlake,Suit & Tie (feat. Jay-Z),pop,2013,0.795,0.596,326280,TRUE,,,,,,,,,
Bruno Mars,When I Was Your Man,pop,2012,0.612,0.28,213826,FALSE,,,,,,,,,
Florida Georgia Line,Cruise,country,2012,0.457,0.948,208960,FALSE,,,,,,,,,
Pharrell Williams,"Happy - From ""Despicable Me 2""","hip hop, pop",2014,0.647,0.822,232720,FALSE,,,,,,,,,
Katy Perry,Dark Horse,pop,2013,0.647,0.585,215672,FALSE,,,,,,,,,
ScHoolboy Q,Collard Greens,"hip hop, pop",2014,0.826,0.571,299960,TRUE,,,,,,,,,
Iggy Azalea,Fancy,"hip hop, pop",2014,0.912,0.716,199938,TRUE,,,,,,,,,
Maroon 5,Animals,pop,2014,0.279,0.742,231013,FALSE,,,,,,,,,
Sam Smith,Stay With Me,pop,2014,0.418,0.42,172723,FALSE,,,,,,,,,
MAGIC!,Rude,set(),2014,0.773,0.758,224840,FALSE,,,,,,,,,
Sia,Chandelier,pop,2014,0.399,0.787,216120,FALSE,,,,,,,,,
John Legend,All of Me,"pop, R&B",2013,0.422,0.264,269560,FALSE,,,,,,,,,
ZHU,Faded,Dance/Electronic,2014,0.861,0.475,223386,FALSE,,,,,,,,,
Meghan Trainor,All About That Bass,pop,2015,0.807,0.887,187920,TRUE,,,,,,,,,
David Guetta,Lovers on the Sun (feat. Sam Martin),"hip hop, pop, Dance/Electronic",2014,0.645,0.891,203520,FALSE,,,,,,,,,
Iggy Azalea,Black Widow,"hip hop, pop",2014,0.743,0.72,209423,TRUE,,,,,,,,,
Tove Lo,Habits (Stay High),"pop, Dance/Electronic",2014,0.733,0.65,209160,FALSE,,,,,,,,,
Oliver Heldens,Gecko (Overdrive) - Radio Edit,"pop, Dance/Electronic",2014,0.609,0.885,165440,FALSE,,,,,,,,,
DJ Snake,You Know You Like It,"hip hop, pop, Dance/Electronic",2014,0.407,0.725,247266,FALSE,,,,,,,,,
Jason Derulo,Talk Dirty (feat. 2 Chainz),"hip hop, pop",2013,0.76,0.652,177685,TRUE,,,,,,,,,
Maroon 5,Maps,pop,2014,0.737,0.723,189840,FALSE,,,,,,,,,
David Guetta,Bad (feat. Vassy) - Radio Edit,"hip hop, pop, Dance/Electronic",2014,0.614,0.972,170625,FALSE,,,,,,,,,
Tinashe,2 On (feat. ScHoolboy Q),"hip hop, pop, R&B, Dance/Electronic",2014,0.742,0.595,227000,TRUE,,,,,,,,,
Route 94,My Love (feat. Jess Glynne),"pop, Dance/Electronic",2014,0.814,0.622,259934,FALSE,,,,,,,,,
Taylor Swift,Bad Blood,pop,2014,0.646,0.794,211933,FALSE,,,,,,,,,
Trey Songz,Na Na,"hip hop, pop, R&B",2015,0.67,0.476,231906,FALSE,,,,,,,,,
Calvin Harris,Under Control (feat. Hurts),"hip hop, pop, Dance/Electronic",2014,0.544,0.915,184280,FALSE,,,,,,,,,
O.T. Genasis,CoCo,"hip hop, pop",2014,0.886,0.628,239573,TRUE,,,,,,,,,
Jason Derulo,Wiggle (feat. Snoop Dogg),"hip hop, pop",2013,0.697,0.621,193295,FALSE,,,,,,,,,
Lilly Wood and The Prick,Prayer in C - Robin Schulz Radio Edit,"pop, rock",2014,0.76,0.886,189399,FALSE,,,,,,,,,
Jeremih,Don't Tell 'Em,"hip hop, pop, R&B",2015,0.856,0.527,266840,TRUE,,,,,,,,,
Nicki Minaj,Anaconda,"hip hop, pop",2014,0.964,0.605,260240,TRUE,,,,,,,,,
Calvin Harris,Blame (feat. John Newman),"hip hop, pop, Dance/Electronic",2014,0.414,0.857,212960,FALSE,,,,,,,,,
DJ Snake,Turn Down for What,"hip hop, pop, Dance/Electronic",2013,0.818,0.799,213733,FALSE,,,,,,,,,
Pitbull,Timber (feat. Ke$ha),"hip hop, pop, latin",2012,0.581,0.963,204160,FALSE,,,,,,,,,
OneRepublic,Counting Stars,pop,2014,0.663,0.705,257386,FALSE,,,,,,,,,
Bobby Shmurda,Hot N*gga,"hip hop, pop",2014,0.794,0.51,194561,TRUE,,,,,,,,,
Calvin Harris,Summer,"hip hop, pop, Dance/Electronic",2014,0.603,0.861,224506,FALSE,,,,,,,,,
ScHoolboy Q,Man Of The Year,"hip hop, pop",2014,0.743,0.861,216013,TRUE,,,,,,,,,
Nico & Vinz,Am I Wrong,"hip hop, pop",2014,0.729,0.675,245866,FALSE,,,,,,,,,
Becky G,Shower,"pop, latin",2014,0.699,0.529,206166,FALSE,,,,,,,,,
Sigma,Nobody To Love - Radio Edit,"pop, Dance/Electronic",2014,0.441,0.921,189720,FALSE,,,,,,,,,
The Chainsmokers,#SELFIE - Original Mix,"pop, Dance/Electronic",2014,0.789,0.915,183750,FALSE,,,,,,,,,
Lorde,Team,"pop, Dance/Electronic",2013,0.69,0.578,193058,FALSE,,,,,,,,,
Rixton,Me And My Broken Heart,pop,2014,0.545,0.783,193733,FALSE,,,,,,,,,
Klingande,Jubel - Radio Edit,"pop, Dance/Electronic",2013,0.686,0.524,201626,FALSE,,,,,,,,,
Mr. Probz,Waves - Robin Schulz Radio Edit,"hip hop, Dance/Electronic",2014,0.829,0.51,208133,FALSE,,,,,,,,,
Paloma Faith,Only Love Can Hurt Like This,"pop, R&B, Dance/Electronic",2014,0.566,0.885,232893,FALSE,,,,,,,,,
Kiesza,Hideaway,"pop, Dance/Electronic",2014,0.838,0.72,251986,FALSE,,,,,,,,,
Ellie Goulding,Burn,"pop, rock, Dance/Electronic",2014,0.559,0.777,231211,FALSE,,,,,,,,,
Ariana Grande,Break Free,pop,2014,0.687,0.702,214840,FALSE,,,,,,,,,
Kid Ink,Show Me (feat. Chris Brown),"hip hop, pop",2014,0.711,0.508,217800,TRUE,,,,,,,,,
Tove Lo,Talking Body,"pop, Dance/Electronic",2014,0.736,0.761,238426,TRUE,,,,,,,,,
Chris Brown,Loyal (feat. Lil Wayne & Tyga),"hip hop, pop, R&B",2014,0.841,0.522,264946,TRUE,,,,,,,,,
OneRepublic,Love Runs Out,pop,2014,0.719,0.935,224226,FALSE,,,,,,,,,
Olly Murs,Up (feat. Demi Lovato),"pop, Dance/Electronic",2014,0.69,0.845,224293,FALSE,,,,,,,,,
Peking Duk,High (feat. Nicole Millar),Dance/Electronic,2014,0.525,0.803,228000,FALSE,,,,,,,,,
Milky Chance,Stolen Dance,set(),2014,0.885,0.581,313684,FALSE,,,,,,,,,
Ed Sheeran,Don't,pop,2014,0.806,0.608,219840,FALSE,,,,,,,,,
Ariana Grande,Love Me Harder,pop,2014,0.472,0.714,236133,FALSE,,,,,,,,,
Enrique Iglesias,Bailando - Spanish Version,"pop, latin",2014,0.718,0.792,243386,FALSE,,,,,,,,,
Avicii,Hey Brother,"pop, Dance/Electronic",2013,0.545,0.78,255093,FALSE,,,,,,,,,
Jessie J,Bang Bang,"hip hop, pop",2014,0.706,0.786,199386,FALSE,,,,,,,,,
Duke Dumont,I Got U,"pop, Dance/Electronic",2014,0.636,0.761,285596,FALSE,,,,,,,,,
Gorgon City,Ready For Your Love,"pop, Dance/Electronic",2014,0.677,0.753,198880,FALSE,,,,,,,,,
Taylor Swift,Style,pop,2014,0.588,0.791,231000,FALSE,,,,,,,,,
MKTO,Classic,"hip hop, pop",2012,0.72,0.791,175426,FALSE,,,,,,,,,
Disclosure,Latch,"pop, Dance/Electronic",2013,0.503,0.727,255631,FALSE,,,,,,,,,
Ariana Grande,Problem,pop,2014,0.66,0.805,193920,FALSE,,,,,,,,,
Charli XCX,Boom Clap,"pop, Dance/Electronic",2014,0.659,0.911,169866,FALSE,,,,,,,,,
One Direction,Steal My Girl,pop,2014,0.536,0.768,228133,FALSE,,,,,,,,,
Tiësto,Red Lights,"pop, Dance/Electronic",2013,0.653,0.829,263890,FALSE,,,,,,,,,
Selena Gomez,The Heart Wants What It Wants,pop,2014,0.616,0.789,227360,FALSE,,,,,,,,,
Rita Ora,I Will Never Let You Down,"hip hop, pop, Dance/Electronic",2014,0.753,0.801,203466,FALSE,,,,,,,,,
5 Seconds of Summer,She Looks So Perfect,pop,2014,0.494,0.951,202496,FALSE,,,,,,,,,
The Script,Superheroes,"pop, rock",2014,0.49,0.885,245466,FALSE,,,,,,,,,
Taylor Swift,Shake It Off,pop,2014,0.647,0.8,219200,FALSE,,,,,,,,,
One Direction,Night Changes,pop,2014,0.672,0.52,226600,FALSE,,,,,,,,,
Ed Sheeran,Sing,pop,2014,0.818,0.67,235382,FALSE,,,,,,,,,
Alesso,Heroes (we could be),"pop, Dance/Electronic",2014,0.521,0.754,209866,FALSE,,,,,,,,,
Tiësto,Wasted,"pop, Dance/Electronic",2014,0.645,0.832,188371,FALSE,,,,,,,,,
G.R.L.,Ugly Heart,pop,2014,0.65,0.786,198306,FALSE,,,,,,,,,
Coldplay,A Sky Full of Stars,"rock, pop",2014,0.545,0.675,267866,FALSE,,,,,,,,,
Clean Bandit,Rather Be (feat. Jess Glynne),"pop, Dance/Electronic",2014,0.799,0.586,227833,FALSE,,,,,,,,,
Zedd,Stay The Night - Featuring Hayley Williams Of Paramore,"hip hop, pop, Dance/Electronic",2014,0.596,0.738,217346,FALSE,,,,,,,,,
Sia,Elastic Heart,pop,2014,0.421,0.791,257200,FALSE,,,,,,,,,
One Direction,Story of My Life,pop,2013,0.6,0.663,245493,FALSE,,,,,,,,,
Alex & Sierra,Little Do You Know,pop,2014,0.5,0.292,185200,FALSE,,,,,,,,,
Omarion,Post to Be (feat. Chris Brown & Jhene Aiko),"hip hop, pop, R&B",2014,0.733,0.676,226580,TRUE,,,,,,,,,
Echosmith,Cool Kids,pop,2013,0.719,0.671,237626,FALSE,,,,,,,,,
Natalie La Rose,Somebody,set(),2014,0.83,0.52,189906,FALSE,,,,,,,,,
Vance Joy,Riptide,"rock, pop",2014,0.484,0.731,204280,FALSE,,,,,,,,,
Beyoncé,Drunk in Love (feat. Jay-Z),"pop, R&B",2014,0.589,0.621,323480,TRUE,,,,,,,,,
Maroon 5,Sugar,pop,2014,0.744,0.783,235493,TRUE,,,,,,,,,
Ella Henderson,Ghost,"pop, Dance/Electronic",2014,0.68,0.84,213213,FALSE,,,,,,,,,
Ed Sheeran,"I See Fire - From ""The Hobbit - The Desolation Of Smaug""",pop,2013,0.581,0.0549,300840,FALSE,,,,,,,,,
Chris Brown,New Flame (feat. Usher & Rick Ross),"hip hop, pop, R&B",2014,0.702,0.629,244226,TRUE,,,,,,,,,
Sheppard,Geronimo,"pop, rock, Dance/Electronic",2014,0.707,0.771,218227,FALSE,,,,,,,,,
Olly Murs,Wrapped Up (feat. Travie McCoy),"pop, Dance/Electronic",2014,0.787,0.848,185640,FALSE,,,,,,,,,
Sam Smith,Money On My Mind,pop,2014,0.688,0.841,192670,FALSE,,,,,,,,,
Jason Derulo,Trumpets,"hip hop, pop",2013,0.627,0.703,217306,FALSE,,,,,,,,,
Nicki Minaj,Bed Of Lies,"hip hop, pop",2014,0.716,0.67,269946,TRUE,,,,,,,,,
Nick Jonas,Jealous - Remix,pop,2014,0.685,0.709,222213,TRUE,,,,,,,,,
Mark Ronson,Uptown Funk (feat. Bruno Mars),pop,2015,0.856,0.609,269666,TRUE,,,,,,,,,
Ed Sheeran,Thinking out Loud,pop,2014,0.781,0.445,281560,FALSE,,,,,,,,,
Wiz Khalifa,See You Again (feat. Charlie Puth),"hip hop, pop",2015,0.689,0.481,229525,FALSE,,,,,,,,,
Justin Bieber,What Do You Mean?,pop,2015,0.845,0.567,205680,FALSE,,,,,,,,,
Major Lazer,Lean On (feat. MØ & DJ Snake),"hip hop, pop, Dance/Electronic",2015,0.723,0.809,176561,FALSE,,,,,,,,,
The Weeknd,"Earned It (Fifty Shades Of Grey) - From The ""Fifty Shades Of Grey"" Soundtrack","pop, R&B",2014,0.659,0.381,252226,FALSE,,,,,,,,,
Ellie Goulding,"Love Me Like You Do - From ""Fifty Shades Of Grey""","pop, rock, Dance/Electronic",2015,0.262,0.606,252534,FALSE,,,,,,,,,
Calvin Harris,Outside (feat. Ellie Goulding),"hip hop, pop, Dance/Electronic",2014,0.646,0.823,227266,FALSE,,,,,,,,,
David Guetta,"Hey Mama (feat. Nicki Minaj, Bebe Rexha & Afrojack)","hip hop, pop, Dance/Electronic",2014,0.596,0.73,192560,FALSE,,,,,,,,,
Demi Lovato,Cool for the Summer,pop,2015,0.586,0.613,214746,TRUE,,,,,,,,,
Taylor Swift,Blank Space,pop,2014,0.76,0.703,231826,FALSE,,,,,,,,,
The Weeknd,The Hills,"pop, R&B",2015,0.585,0.564,242253,TRUE,,,,,,,,,
The Neighbourhood,Daddy Issues,"rock, pop",2015,0.588,0.521,260173,FALSE,,,,,,,,,
Deorro,Five More Hours,"pop, Dance/Electronic",2015,0.699,0.883,211975,FALSE,,,,,,,,,
Avicii,The Nights,"pop, Dance/Electronic",2014,0.527,0.835,176658,FALSE,,,,,,,,,
DJ Snake,You Know You Like It,"hip hop, pop, Dance/Electronic",2014,0.407,0.725,247266,FALSE,,,,,,,,,
Adam Lambert,Ghost Town,pop,2015,0.703,0.736,208330,TRUE,,,,,,,,,
Rae Sremmurd,No Type,"hip hop, pop",2015,0.891,0.486,200080,TRUE,,,,,,,,,
Taylor Swift,Bad Blood,pop,2015,0.654,0.655,200106,FALSE,,,,,,,,,
Flo Rida,GDFR (feat. Sage the Gemini & Lookas),"hip hop, pop",2015,0.657,0.827,190185,FALSE,,,,,,,,,
Robin Schulz,Sugar (feat. Francesco Yates),"pop, Dance/Electronic",2015,0.636,0.815,219043,FALSE,,,,,,,,,
Calvin Harris,How Deep Is Your Love,"hip hop, pop, Dance/Electronic",2015,0.738,0.868,212640,FALSE,,,,,,,,,
Philip George,Wish You Were Mine - Radio Edit,"pop, Dance/Electronic",2014,0.654,0.832,177560,FALSE,,,,,,,,,
Trey Songz,Na Na,"hip hop, pop, R&B",2015,0.67,0.476,231906,FALSE,,,,,,,,,
Fall Out Boy,Centuries,rock,2015,0.393,0.858,228360,FALSE,,,,,,,,,
Rob $tone,Chill Bill (feat. J. Davi$ & Spooks),hip hop,2016,0.886,0.427,177184,TRUE,,,,,,,,,
Lost Frequencies,Are You With Me - Radio Edit,"pop, Dance/Electronic",2014,0.776,0.574,138842,FALSE,,,,,,,,,
Twenty One Pilots,Stressed Out,rock,2015,0.734,0.637,202333,FALSE,,,,,,,,,
Fifth Harmony,Worth It (feat. Kid Ink),pop,2015,0.884,0.765,224573,FALSE,,,,,,,,,
KALEO,Way down We Go,"rock, classical",2015,0.59,0.578,219560,FALSE,,,,,,,,,
Sam Smith,Like I Can,pop,2014,0.656,0.627,167065,FALSE,,,,,,,,,
Major Lazer,Light It Up (feat. Nyla & Fuse ODG) - Remix,"hip hop, pop, Dance/Electronic",2015,0.746,0.877,166138,FALSE,,,,,,,,,
Martin Solveig,Intoxicated - New Radio Mix,"pop, Dance/Electronic",2015,0.8,0.677,159693,FALSE,,,,,,,,,
Avicii,Waiting For Love,"pop, Dance/Electronic",2015,0.579,0.736,230613,FALSE,,,,,,,,,
Felix Jaehn,Ain't Nobody (Loves Me Better) (feat. Jasmine Thompson),"hip hop, pop, Dance/Electronic",2018,0.778,0.566,186146,FALSE,,,,,,,,,
Taylor Swift,Wildest Dreams,pop,2014,0.553,0.664,220440,FALSE,,,,,,,,,
The Weeknd,In The Night,"pop, R&B",2015,0.48,0.682,235653,TRUE,,,,,,,,,
Pitbull,Time of Our Lives,"hip hop, pop, latin",2014,0.721,0.802,229360,TRUE,,,,,,,,,
Galantis,Runaway (U & I),"pop, Dance/Electronic",2015,0.506,0.805,227073,FALSE,,,,,,,,,
Rihanna,Bitch Better Have My Money,"hip hop, pop, R&B",2015,0.781,0.728,219305,TRUE,,,,,,,,,
Zara Larsson,Lush Life,"pop, Dance/Electronic",2015,0.658,0.741,202213,FALSE,,,,,,,,,
One Direction,Drag Me Down,pop,2015,0.73,0.703,192120,FALSE,,,,,,,,,
Travis Scott,Antidote,"hip hop, Dance/Electronic",2015,0.713,0.526,262693,TRUE,,,,,,,,,
Years & Years,King,"pop, Dance/Electronic",2015,0.559,0.848,215360,FALSE,,,,,,,,,
Demi Lovato,Confident,pop,2015,0.594,0.749,205745,TRUE,,,,,,,,,
Lemaitre,Closer,pop,2017,0.583,0.785,270589,FALSE,,,,,,,,,
Selena Gomez,Same Old Love,pop,2015,0.672,0.593,229080,FALSE,,,,,,,,,
Pia Mia,Do It Again,"pop, R&B",2015,0.712,0.564,207746,TRUE,,,,,,,,,
Flo Rida,My House,"hip hop, pop",2015,0.688,0.702,192190,FALSE,,,,,,,,,
Silentó,Watch Me (Whip / Nae Nae),hip hop,2015,0.819,0.768,185131,FALSE,,,,,,,,,
Chris Brown,Ayo,"hip hop, pop, R&B",2015,0.823,0.563,225226,TRUE,,,,,,,,,
The Strumbellas,Spirits,"rock, Folk/Acoustic, pop",2016,0.556,0.658,203653,FALSE,,,,,,,,,
Fetty Wap,Trap Queen,"hip hop, pop",2015,0.746,0.873,222093,TRUE,,,,,,,,,
Tove Lo,Talking Body,"pop, Dance/Electronic",2014,0.736,0.761,238426,TRUE,,,,,,,,,
Beyoncé,11-Jul,"pop, R&B",2014,0.747,0.705,213506,FALSE,,,,,,,,,
Lana Del Rey,High By The Beach,pop,2015,0.536,0.486,257573,TRUE,,,,,,,,,
Zara Larsson,Never Forget You,"pop, Dance/Electronic",2017,0.583,0.732,213427,FALSE,,,,,,,,,
Jeremih,oui,"hip hop, pop, R&B",2015,0.418,0.724,238320,FALSE,,,,,,,,,
Drake,Hotline Bling,"hip hop, pop, R&B",2016,0.891,0.628,267066,FALSE,,,,,,,,,
Selena Gomez,Kill Em With Kindness,pop,2015,0.757,0.884,217906,FALSE,,,,,,,,,
Birdy,Let It All Go,pop,2015,0.383,0.43,280757,FALSE,,,,,,,,,
Fetty Wap,679 (feat. Remy Boyz),"hip hop, pop",2015,0.618,0.717,196693,TRUE,,,,,,,,,
Ariana Grande,Love Me Harder,pop,2014,0.472,0.714,236133,FALSE,,,,,,,,,
The Weeknd,Can't Feel My Face,"pop, R&B",2015,0.705,0.769,213520,FALSE,,,,,,,,,
SAYGRACE,You Don't Own Me (feat. G-Eazy),"pop, R&B",2015,0.336,0.664,199314,FALSE,,,,,,,,,
X Ambassadors,Renegades,"hip hop, rock, pop",2015,0.526,0.862,195200,FALSE,,,,,,,,,
R. City,Locked Away (feat. Adam Levine),pop,2015,0.509,0.671,227480,FALSE,,,,,,,,,
Kygo,Stole the Show,"pop, Dance/Electronic",2016,0.64,0.635,223186,FALSE,,,,,,,,,
Tame Impala,The Less I Know The Better,metal,2015,0.64,0.74,216320,TRUE,,,,,,,,,
Selena Gomez,Good For You,pop,2015,0.6,0.676,221560,TRUE,,,,,,,,,
Fetty Wap,My Way (feat. Monty),"hip hop, pop",2015,0.748,0.741,213053,TRUE,,,,,,,,,
Hozier,Take Me To Church,"Folk/Acoustic, pop",2014,0.566,0.664,241688,FALSE,,,,,,,,,
Taylor Swift,Style,pop,2014,0.588,0.791,231000,FALSE,,,,,,,,,
Alessia Cara,Here,"pop, R&B",2015,0.379,0.799,199453,FALSE,,,,,,,,,
Sam Smith,"Writing's On The Wall - From ""Spectre"" Soundtrack",pop,2015,0.261,0.302,278987,FALSE,,,,,,,,,
David Guetta,Bang My Head (feat. Sia & Fetty Wap),"hip hop, pop, Dance/Electronic",2015,0.599,0.869,193333,FALSE,,,,,,,,,
Meek Mill,All Eyes on You (feat. Chris Brown & Nicki Minaj),"hip hop, pop",2015,0.589,0.658,223973,TRUE,,,,,,,,,
Big Sean,I Don't Fuck With You,"hip hop, pop",2015,0.824,0.733,284386,TRUE,,,,,,,,,
Kygo,Firestone,"pop, Dance/Electronic",2016,0.704,0.634,271640,FALSE,,,,,,,,,
Drake,Jumpman,"hip hop, pop, R&B",2015,0.853,0.558,205879,TRUE,,,,,,,,,
Petit Biscuit,Sunset Lover,Dance/Electronic,2015,0.783,0.467,237792,FALSE,,,,,,,,,
Shawn Mendes,Stitches,pop,2015,0.746,0.754,206880,FALSE,,,,,,,,,
Flo Rida,"I Don't Like It, I Love It (feat. Robin Thicke & Verdine White)","hip hop, pop",2015,0.854,0.766,224258,FALSE,,,,,,,,,
Selena Gomez,The Heart Wants What It Wants,pop,2014,0.616,0.789,227373,FALSE,,,,,,,,,
Jack Ü,Where Are Ü Now (with Justin Bieber),"pop, Dance/Electronic",2015,0.432,0.781,250285,FALSE,,,,,,,,,
Ellie Goulding,On My Mind,"pop, rock, Dance/Electronic",2015,0.699,0.688,213445,FALSE,,,,,,,,,
Bryson Tiller,Don't,"hip hop, pop, R&B",2015,0.765,0.356,198293,TRUE,,,,,,,,,
Rich Homie Quan,"Flex (Ooh, Ooh, Ooh)","hip hop, pop",2015,0.676,0.615,176674,TRUE,,,,,,,,,
Joel Adams,Please Don't Go,R&B,2015,0.513,0.768,210580,FALSE,,,,,,,,,
Zedd,I Want You To Know,"hip hop, pop, Dance/Electronic",2015,0.561,0.877,238800,FALSE,,,,,,,,,
Jonas Blue,Fast Car,"pop, Dance/Electronic",2015,0.644,0.57,212424,FALSE,,,,,,,,,
BØRNS,Electric Love,"rock, pop",2015,0.373,0.858,218173,FALSE,,,,,,,,,
Sigala,Easy Love,"pop, Dance/Electronic",2018,0.68,0.942,229813,FALSE,,,,,,,,,
Justin Bieber,Sorry,pop,2015,0.654,0.76,200786,FALSE,,,,,,,,,
Ariana Grande,One Last Time,pop,2014,0.628,0.593,197266,FALSE,,,,,,,,,
Little Mix,Black Magic,pop,2015,0.777,0.896,211773,FALSE,,,,,,,,,
One Direction,Perfect,pop,2015,0.647,0.823,230333,FALSE,,,,,,,,,
Years & Years,Shine,"pop, Dance/Electronic",2015,0.667,0.716,255506,FALSE,,,,,,,,,
Meghan Trainor,Lips Are Movin,pop,2015,0.775,0.825,182666,FALSE,,,,,,,,,
Nicky Jam,El Perdón - Forgiveness,latin,2017,0.736,0.719,206666,FALSE,,,,,,,,,
The Weeknd,Starboy,"pop, R&B",2016,0.681,0.594,230453,TRUE,,,,,,,,,
Drake,One Dance,"hip hop, pop, R&B",2016,0.792,0.625,173986,FALSE,,,,,,,,,
Justin Bieber,Love Yourself,pop,2015,0.609,0.378,233720,FALSE,,,,,,,,,
The Chainsmokers,Closer,"pop, Dance/Electronic",2016,0.748,0.524,244960,FALSE,,,,,,,,,
Adele,Hello,"pop, R&B",2015,0.471,0.431,295502,FALSE,,,,,,,,,
Desiigner,Panda,"hip hop, pop",2016,0.576,0.766,246761,TRUE,,,,,,,,,
Burak Yeter,Tuesday (feat. Danelle Sandoval),Dance/Electronic,2016,0.841,0.639,241874,FALSE,,,,,,,,,
Sia,Cheap Thrills (feat. Sean Paul),pop,2016,0.592,0.8,224813,FALSE,,,,,,,,,
OneRepublic,Wherever I Go,pop,2016,0.552,0.689,169773,FALSE,,,,,,,,,
Rihanna,Work,"hip hop, pop, R&B",2016,0.725,0.534,219320,TRUE,,,,,,,,,
Coldplay,Hymn for the Weekend,"rock, pop",2015,0.491,0.693,258266,FALSE,,,,,,,,,
Justin Bieber,Sorry,pop,2015,0.654,0.76,200786,FALSE,,,,,,,,,
Justin Timberlake,"CAN'T STOP THE FEELING! (from DreamWorks Animation's ""TROLLS"")",pop,2016,0.666,0.83,236001,FALSE,,,,,,,,,
WILLOW,Wait a Minute!,"pop, R&B, Dance/Electronic",2015,0.764,0.705,196520,FALSE,,,,,,,,,
Desiigner,Tiimmy Turner,"hip hop, pop",2016,0.603,0.725,239853,TRUE,,,,,,,,,
G-Eazy,"Me, Myself & I","hip hop, pop",2015,0.756,0.674,251466,TRUE,,,,,,,,,
David Guetta,This One's for You (feat. Zara Larsson) (Official Song UEFA EURO 2016),"hip hop, pop, Dance/Electronic",2016,0.367,0.915,207272,FALSE,,,,,,,,,
Astrid S,Hurts So Good,"rock, pop, Dance/Electronic",2016,0.672,0.589,208728,FALSE,,,,,,,,,
Lil Wayne,"Sucker for Pain (with Wiz Khalifa, Imagine Dragons, Logic & Ty Dolla $ign feat. X Ambassadors)","hip hop, pop",2016,0.502,0.786,243490,TRUE,,,,,,,,,
Twenty One Pilots,Heathens,rock,2016,0.732,0.396,195920,FALSE,,,,,,,,,
Future,Low Life (feat. The Weeknd),"hip hop, pop",2016,0.722,0.331,313546,TRUE,,,,,,,,,
Galantis,No Money,"pop, Dance/Electronic",2016,0.671,0.916,189126,FALSE,,,,,,,,,
The Chainsmokers,Don't Let Me Down,"pop, Dance/Electronic",2016,0.532,0.869,208373,FALSE,,,,,,,,,
Tinie Tempah,Girls Like (feat. Zara Larsson),"hip hop, pop, Dance/Electronic",2016,0.916,0.804,196000,TRUE,,,,,,,,,
Alok,Hear Me Now,"pop, Dance/Electronic",2016,0.788,0.43,192846,FALSE,,,,,,,,,
Jon Bellion,All Time Low,"hip hop, pop",2016,0.617,0.567,217603,TRUE,,,,,,,,,
Cheat Codes,Sex,"pop, Dance/Electronic",2016,0.51,0.692,228361,FALSE,,,,,,,,,
Meghan Trainor,NO,pop,2017,0.557,0.803,213506,FALSE,,,,,,,,,
Dua Lipa,Hotter Than Hell,pop,2017,0.532,0.868,187957,FALSE,,,,,,,,,
Martin Garrix,In the Name of Love,"pop, Dance/Electronic",2016,0.501,0.519,195706,FALSE,,,,,,,,,
Alan Walker,Faded,Dance/Electronic,2018,0.468,0.627,212106,FALSE,,,,,,,,,
Tove Lo,Cool Girl,"pop, Dance/Electronic",2016,0.674,0.71,197815,TRUE,,,,,,,,,
DJ Snake,Let Me Love You,"hip hop, pop, Dance/Electronic",2016,0.649,0.716,205946,FALSE,,,,,,,,,
Calvin Harris,This Is What You Came For (feat. Rihanna),"hip hop, pop, Dance/Electronic",2016,0.631,0.927,222160,FALSE,,,,,,,,,
Mike Posner,I Took A Pill In Ibiza - Seeb Remix,"hip hop, pop, Dance/Electronic",2016,0.664,0.714,197933,TRUE,,,,,,,,,
Kevin Gates,2 Phones,"hip hop, pop",2016,0.895,0.681,240000,TRUE,,,,,,,,,
Rihanna,Needed Me,"hip hop, pop, R&B",2016,0.671,0.314,191600,TRUE,,,,,,,,,
Ariana Grande,Side To Side,pop,2016,0.648,0.738,226160,TRUE,,,,,,,,,
Marshmello,Alone,"pop, Dance/Electronic",2016,0.631,0.953,273802,FALSE,,,,,,,,,
Shawn Mendes,I Know What You Did Last Summer,pop,2015,0.687,0.761,223853,FALSE,,,,,,,,,
Selena Gomez,Same Old Love,pop,2015,0.672,0.593,229080,FALSE,,,,,,,,,
Calvin Harris,My Way,"hip hop, pop, Dance/Electronic",2016,0.818,0.913,219159,FALSE,,,,,,,,,
Fitz and The Tantrums,HandClap,"pop, rock",2016,0.636,0.836,193253,FALSE,,,,,,,,,
Twenty One Pilots,Ride,rock,2015,0.645,0.713,214506,FALSE,,,,,,,,,
Flo Rida,My House,"hip hop, pop",2015,0.688,0.702,192190,FALSE,,,,,,,,,
Ariana Grande,Dangerous Woman,pop,2016,0.677,0.604,235946,FALSE,,,,,,,,,
Anne-Marie,Alarm,"pop, Dance/Electronic",2016,0.756,0.589,205593,TRUE,,,,,,,,,
Charlie Puth,We Don't Talk Anymore (feat. Selena Gomez),pop,2016,0.728,0.563,217706,FALSE,,,,,,,,,
AlunaGeorge,I'm In Control,"pop, Dance/Electronic",2016,0.734,0.847,209425,FALSE,,,,,,,,,
Enrique Iglesias,DUELE EL CORAZON (feat. Wisin),"pop, latin",2016,0.716,0.908,199693,FALSE,,,,,,,,,
MNEK,Never Forget You,Dance/Electronic,2015,0.583,0.732,213427,FALSE,,,,,,,,,
Mike Perry,The Ocean (feat. Shy Martin),"pop, Dance/Electronic",2016,0.632,0.575,183414,FALSE,,,,,,,,,
Drake,Hotline Bling,"hip hop, pop, R&B",2016,0.903,0.62,267066,FALSE,,,,,,,,,
Ariana Grande,Into You,pop,2016,0.623,0.734,244453,FALSE,,,,,,,,,
Shawn Mendes,Treat You Better,pop,2017,0.444,0.819,187973,FALSE,,,,,,,,,
Tory Lanez,Say It,"hip hop, pop, R&B",2016,0.546,0.529,237786,TRUE,,,,,,,,,
Coldplay,Adventure of a Lifetime,"rock, pop",2015,0.638,0.924,263786,FALSE,,,,,,,,,
Kungs,This Girl - Kungs Vs. Cookin' On 3 Burners,"pop, Dance/Electronic",2016,0.79,0.705,195561,FALSE,,,,,,,,,
SAYGRACE,You Don't Own Me (feat. G-Eazy),"pop, R&B",2016,0.332,0.635,201493,FALSE,,,,,,,,,
X Ambassadors,Renegades,"hip hop, rock, pop",2015,0.526,0.862,195200,FALSE,,,,,,,,,
DNCE,Cake By The Ocean,pop,2016,0.774,0.753,219146,TRUE,,,,,,,,,
99 Souls,The Girl Is Mine,Dance/Electronic,2016,0.683,0.943,216613,FALSE,,,,,,,,,
Illy,Papercuts (feat. Vera Blue),"hip hop, pop, Dance/Electronic",2016,0.369,0.618,255889,FALSE,,,,,,,,,
Kiiara,Gold,"rock, pop, Dance/Electronic",2015,0.6,0.412,225882,FALSE,,,,,,,,,
Kygo,Stole the Show,"pop, Dance/Electronic",2016,0.678,0.633,222813,FALSE,,,,,,,,,
Fifth Harmony,Work from Home (feat. Ty Dolla $ign),pop,2016,0.803,0.585,214480,FALSE,,,,,,,,,
Drake,Pop Style,"hip hop, pop, R&B",2016,0.713,0.462,212946,TRUE,,,,,,,,,
ZAYN,PILLOWTALK,"pop, Dance/Electronic",2016,0.588,0.702,203686,TRUE,,,,,,,,,
Alessia Cara,Here,"pop, R&B",2016,0.376,0.822,199453,FALSE,,,,,,,,,
DJ Snake,Middle,"hip hop, pop, Dance/Electronic",2016,0.611,0.7,220573,FALSE,,,,,,,,,
Sigala,Sweet Lovin' - Radio Edit,"pop, Dance/Electronic",2015,0.683,0.91,202149,FALSE,,,,,,,,,
Drake,Jumpman,"hip hop, pop, R&B",2015,0.852,0.553,205879,TRUE,,,,,,,,,
Charlie Puth,Dangerously,pop,2016,0.696,0.517,199133,FALSE,,,,,,,,,
Nick Jonas,Close,pop,2016,0.654,0.623,234213,FALSE,,,,,,,,,
Jonas Blue,Perfect Strangers,"pop, Dance/Electronic",2016,0.742,0.819,196613,FALSE,,,,,,,,,
Major Lazer,Cold Water (feat. Justin Bieber & MØ),"hip hop, pop, Dance/Electronic",2016,0.608,0.798,185351,FALSE,,,,,,,,,
The Chainsmokers,Roses,"pop, Dance/Electronic",2015,0.713,0.802,226738,FALSE,,,,,,,,,
Tory Lanez,LUV,"hip hop, pop, R&B",2016,0.688,0.541,228640,TRUE,,,,,,,,,
P!nk,"Just Like Fire (From the Original Motion Picture ""Alice Through The Looking Glass"")",pop,2016,0.632,0.702,215413,FALSE,,,,,,,,,
Bryson Tiller,Don't,"hip hop, pop, R&B",2015,0.765,0.356,198293,TRUE,,,,,,,,,
Steve Aoki,Just Hold On,"hip hop, pop, Dance/Electronic",2016,0.647,0.932,198774,FALSE,,,,,,,,,
Clean Bandit,Tears (feat. Louisa Johnson),"pop, Dance/Electronic",2016,0.605,0.77,225914,FALSE,,,,,,,,,
Jonas Blue,Fast Car,"pop, Dance/Electronic",2015,0.459,0.587,212424,FALSE,,,,,,,,,
Flume,Never Be Like You,Dance/Electronic,2016,0.443,0.558,233337,TRUE,,,,,,,,,
Bastille,Good Grief,"pop, rock",2016,0.73,0.758,206493,FALSE,,,,,,,,,
Sia,The Greatest (feat. Kendrick Lamar),pop,2016,0.668,0.725,210226,FALSE,,,,,,,,,
PARTYNEXTDOOR,Not Nice,"hip hop, pop, R&B",2016,0.598,0.496,202661,FALSE,,,,,,,,,
Garrett Nash,"i hate u, i love u (feat. olivia o'brien)","hip hop, pop",2016,0.492,0.275,251033,TRUE,,,,,,,,,
Hilltop Hoods,1955,"hip hop, pop",2016,0.766,0.5,239280,FALSE,,,,,,,,,
Fifth Harmony,All In My Head (Flex) (feat. Fetty Wap),pop,2016,0.689,0.791,210573,FALSE,,,,,,,,,
Daya,"Sit Still, Look Pretty","rock, pop, Dance/Electronic",2016,0.657,0.739,202221,FALSE,,,,,,,,,
Kent Jones,Don't Mind,hip hop,2016,0.464,0.771,198236,TRUE,,,,,,,,,
Flume,Say It,Dance/Electronic,2016,0.581,0.531,262521,TRUE,,,,,,,,,
Bryson Tiller,Exchange,"hip hop, pop, R&B",2015,0.525,0.433,194613,TRUE,,,,,,,,,
MØ,Final Song,"pop, Dance/Electronic",2016,0.695,0.672,235826,FALSE,,,,,,,,,
Beyoncé,Sorry,"pop, R&B",2016,0.775,0.598,232560,TRUE,,,,,,,,,
Little Mix,Shout Out to My Ex,pop,2017,0.773,0.747,246240,FALSE,,,,,,,,,
The Lumineers,Ophelia,"pop, Folk/Acoustic",2016,0.664,0.576,160097,FALSE,,,,,,,,,
Frank Ocean,Pink + White,"hip hop, pop, R&B",2016,0.544,0.552,184516,FALSE,,,,,,,,,
Drake,Too Good,"hip hop, pop, R&B",2016,0.794,0.653,263373,TRUE,,,,,,,,,
Ed Sheeran,Shape of You,pop,2017,0.825,0.652,233712,FALSE,,,,,,,,,
Sean Paul,No Lie,"hip hop, pop",2018,0.742,0.882,221176,FALSE,,,,,,,,,
Luis Fonsi,Despacito (Featuring Daddy Yankee),"pop, latin",2017,0.66,0.786,228200,FALSE,,,,,,,,,
Sam Smith,Too Good At Goodbyes,pop,2017,0.681,0.372,201000,FALSE,,,,,,,,,
Clean Bandit,Rockabye (feat. Sean Paul & Anne-Marie),"pop, Dance/Electronic",2016,0.72,0.763,251088,FALSE,,,,,,,,,
Camila Cabello,Havana (feat. Young Thug),pop,2017,0.768,0.517,216896,FALSE,,,,,,,,,
Imagine Dragons,Thunder,rock,2017,0.6,0.81,187146,FALSE,,,,,,,,,
Maroon 5,Don't Wanna Know (feat. Kendrick Lamar),pop,2018,0.783,0.61,214265,FALSE,,,,,,,,,
The Chainsmokers,Something Just Like This,"pop, Dance/Electronic",2017,0.617,0.635,247160,FALSE,,,,,,,,,
Ed Sheeran,Perfect,pop,2017,0.599,0.448,263400,FALSE,,,,,,,,,
MGMT,Little Dark Age,rock,2018,0.705,0.712,299960,FALSE,,,,,,,,,
Travis Scott,goosebumps,"hip hop, Dance/Electronic",2016,0.841,0.728,243836,TRUE,,,,,,,,,
Billie Eilish,Bored,"pop, Dance/Electronic",2017,0.614,0.318,180933,FALSE,,,,,,,,,
Future,Mask Off,"hip hop, pop",2017,0.833,0.434,204600,TRUE,,,,,,,,,
G-Eazy,Him & I,"hip hop, pop",2017,0.589,0.731,268866,TRUE,,,,,,,,,
Maroon 5,Cold (feat. Future),pop,2017,0.697,0.716,234308,TRUE,,,,,,,,,
Rae Sremmurd,Swang,"hip hop, pop",2016,0.681,0.314,208120,TRUE,,,,,,,,,
Lil Peep,Save That Shit,hip hop,2017,0.534,0.583,231546,TRUE,,,,,,,,,
A$AP Ferg,Plain Jane,"hip hop, pop",2017,0.797,0.844,173600,TRUE,,,,,,,,,
French Montana,Unforgettable,"hip hop, pop",2017,0.726,0.769,233901,TRUE,,,,,,,,,
21 Savage,Bank Account,hip hop,2017,0.884,0.347,220306,TRUE,,,,,,,,,
Axwell /\ Ingrosso,More Than You Know,"pop, Dance/Electronic",2017,0.645,0.741,203000,FALSE,,,,,,,,,
ZAYN,Dusk Till Dawn (feat. Sia) - Radio Edit,"pop, Dance/Electronic",2017,0.259,0.437,239000,FALSE,,,,,,,,,
J Balvin,Mi Gente,latin,2017,0.548,0.701,189029,FALSE,,,,,,,,,
Jax Jones,You Don't Know Me - Radio Edit,"hip hop, pop, Dance/Electronic",2016,0.876,0.669,213946,TRUE,,,,,,,,,
Rae Sremmurd,Black Beatles,"hip hop, pop",2016,0.794,0.632,291893,TRUE,,,,,,,,,
Zara Larsson,Ain't My Fault,"pop, Dance/Electronic",2017,0.576,0.782,224030,FALSE,,,,,,,,,
Travis Scott,BUTTERFLY EFFECT,"hip hop, Dance/Electronic",2017,0.763,0.598,190677,FALSE,,,,,,,,,
Ayo & Teo,Rolex,"hip hop, pop",2017,0.804,0.886,238586,FALSE,,,,,,,,,
Lil Uzi Vert,XO Tour Llif3,hip hop,2017,0.732,0.75,182706,TRUE,,,,,,,,,
Imagine Dragons,Whatever It Takes,rock,2017,0.672,0.655,201240,FALSE,,,,,,,,,
Rob $tone,Chill Bill (feat. J. Davi$ & Spooks),hip hop,2016,0.886,0.427,177184,TRUE,,,,,,,,,
Jason Derulo,Swalla (feat. Nicki Minaj & Ty Dolla $ign),"hip hop, pop",2017,0.696,0.817,216408,TRUE,,,,,,,,,
G-Eazy,No Limit,"hip hop, pop",2017,0.838,0.771,245386,TRUE,,,,,,,,,
Playboi Carti,Magnolia,hip hop,2017,0.791,0.582,181812,TRUE,,,,,,,,,
Chord Overstreet,Hold On,"pop, Folk/Acoustic",2017,0.618,0.443,198853,FALSE,,,,,,,,,
Jax Jones,Breathe,"hip hop, pop, Dance/Electronic",2017,0.722,0.744,207629,FALSE,,,,,,,,,
Imagine Dragons,Believer,rock,2017,0.779,0.787,204346,FALSE,,,,,,,,,
Natti Natasha,Criminal,"pop, latin",2017,0.814,0.813,232549,FALSE,,,,,,,,,
Kendrick Lamar,HUMBLE.,hip hop,2017,0.906,0.625,177000,TRUE,,,,,,,,,
Selena Gomez,Fetish (feat. Gucci Mane),pop,2017,0.708,0.618,186112,FALSE,,,,,,,,,
Charlie Puth,Attention,pop,2017,0.774,0.626,211475,FALSE,,,,,,,,,
Big Shaq,Man's Not Hot,"pop, Dance/Electronic",2017,0.905,0.884,186026,FALSE,,,,,,,,,
Anne-Marie,Ciao Adios,"pop, Dance/Electronic",2017,0.698,0.882,200104,FALSE,,,,,,,,,
Rag'n'Bone Man,Human,R&B,2017,0.602,0.707,200186,FALSE,,,,,,,,,
blackbear,do re mi,"hip hop, pop, Dance/Electronic",2017,0.745,0.593,212027,TRUE,,,,,,,,,
Lil Pump,Gucci Gang,hip hop,2017,0.936,0.523,124055,TRUE,,,,,,,,,
Taylor Swift,Look What You Made Me Do,pop,2017,0.766,0.709,211853,FALSE,,,,,,,,,
Enrique Iglesias,SUBEME LA RADIO (feat. Descemer Bueno & Zion & Lennox),"pop, latin",2017,0.688,0.822,207680,FALSE,,,,,,,,,
Kodak Black,Tunnel Vision,hip hop,2017,0.497,0.489,268186,TRUE,,,,,,,,,
Kendrick Lamar,DNA.,hip hop,2017,0.636,0.517,185946,TRUE,,,,,,,,,
A Boogie Wit da Hoodie,Drowning (feat. Kodak Black),hip hop,2017,0.839,0.81,209269,TRUE,,,,,,,,,
XXXTENTACION,Jocelyn Flores,hip hop,2017,0.872,0.391,119133,TRUE,,,,,,,,,
Migos,Bad and Boujee (feat. Lil Uzi Vert),"hip hop, pop",2017,0.926,0.666,343150,TRUE,,,,,,,,,
Yo Gotti,Rake It Up (feat. Nicki Minaj),"hip hop, pop",2017,0.91,0.444,276333,TRUE,,,,,,,,,
Martin Garrix,Scared to Be Lonely,"pop, Dance/Electronic",2017,0.584,0.54,220883,FALSE,,,,,,,,,
Jonas Blue,Mama,"pop, Dance/Electronic",2017,0.739,0.792,181614,FALSE,,,,,,,,,
Martin Jensen,Solo Dance,"pop, Dance/Electronic",2016,0.744,0.836,174933,FALSE,,,,,,,,,
Taylor Swift,...Ready For It?,pop,2017,0.613,0.764,208186,FALSE,,,,,,,,,
David Guetta,2U (feat. Justin Bieber),"hip hop, pop, Dance/Electronic",2017,0.548,0.65,194896,FALSE,,,,,,,,,
Migos,Slippery (feat. Gucci Mane),"hip hop, pop",2017,0.92,0.675,304041,TRUE,,,,,,,,,
Shawn Mendes,There's Nothing Holdin' Me Back,pop,2017,0.857,0.8,199440,FALSE,,,,,,,,,
G-Eazy,Good Life (with G-Eazy & Kehlani),"hip hop, pop",2017,0.572,0.778,225520,FALSE,,,,,,,,,
The Vamps,All Night,pop,2017,0.538,0.804,197640,FALSE,,,,,,,,,
Dua Lipa,New Rules,pop,2017,0.763,0.72,212000,FALSE,,,,,,,,,
Cardi B,Bodak Yellow,"hip hop, pop",2017,0.929,0.723,223962,TRUE,,,,,,,,,
Rag'n'Bone Man,Skin,R&B,2017,0.564,0.745,239626,FALSE,,,,,,,,,
Zara Larsson,I Would Like,"pop, Dance/Electronic",2017,0.486,0.713,226720,FALSE,,,,,,,,,
DJ Khaled,Wild Thoughts (feat. Rihanna & Bryson Tiller),"hip hop, pop",2017,0.671,0.672,204173,TRUE,,,,,,,,,
Post Malone,Congratulations,hip hop,2016,0.63,0.804,220293,TRUE,,,,,,,,,
Avicii,Without You (feat. Sandro Cavazza),"pop, Dance/Electronic",2017,0.662,0.858,181672,TRUE,,,,,,,,,
Clean Bandit,Symphony (feat. Zara Larsson),"pop, Dance/Electronic",2017,0.718,0.609,214866,FALSE,,,,,,,,,
Katy Perry,Chained To The Rhythm,pop,2017,0.562,0.8,237733,FALSE,,,,,,,,,
Zay Hilfigerrr,Juju on That Beat (TZ Anthem),set(),2016,0.807,0.887,144244,FALSE,,,,,,,,,
Calvin Harris,"Feels (feat. Pharrell Williams, Katy Perry & Big Sean)","hip hop, pop, Dance/Electronic",2017,0.893,0.745,223413,TRUE,,,,,,,,,
Migos,T-Shirt,"hip hop, pop",2017,0.865,0.687,242407,TRUE,,,,,,,,,
OneRepublic,Rich Love (with Seeb),pop,2017,0.401,0.872,201256,FALSE,,,,,,,,,
Maggie Lindemann,Pretty Girl - Cheat Codes X CADE Remix,"rock, pop",2017,0.703,0.868,193613,TRUE,,,,,,,,,
Macklemore,Glorious (feat. Skylar Grey),"hip hop, pop",2017,0.731,0.794,220454,TRUE,,,,,,,,,
Hayden James,NUMB,"pop, Dance/Electronic",2019,0.617,0.558,217296,TRUE,,,,,,,,,
Liam Payne,Strip That Down,pop,2017,0.869,0.485,204502,FALSE,,,,,,,,,
Drake,Passionfruit,"hip hop, pop, R&B",2017,0.809,0.463,298940,TRUE,,,,,,,,,
Justin Bieber,Friends (with BloodPop®),pop,2017,0.744,0.739,189466,FALSE,,,,,,,,,
ZAYN,"I Don’t Wanna Live Forever (Fifty Shades Darker) - From ""Fifty Shades Darker (Original Motion Picture Soundtrack)""","pop, Dance/Electronic",2016,0.735,0.451,245200,FALSE,,,,,,,,,
Alessia Cara,Scars To Your Beautiful,"pop, R&B",2016,0.319,0.739,230226,FALSE,,,,,,,,,
2 Chainz,It's A Vibe,"hip hop, pop",2017,0.822,0.502,210200,TRUE,,,,,,,,,
Starley,Call on Me - Ryan Riback Remix,"pop, Dance/Electronic",2016,0.67,0.838,222040,FALSE,,,,,,,,,
AJR,Weak,rock,2017,0.673,0.637,201160,FALSE,,,,,,,,,
Lana Del Rey,Lust for Life (with The Weeknd),pop,2017,0.499,0.676,264011,FALSE,,,,,,,,,
CNCO,Reggaetón Lento (Remix),"pop, latin",2017,0.623,0.909,188786,FALSE,,,,,,,,,
The Vamps,Middle Of The Night,pop,2017,0.588,0.749,174600,FALSE,,,,,,,,,
The Weeknd,I Feel It Coming,"pop, R&B",2016,0.773,0.819,269186,FALSE,,,,,,,,,
The Chainsmokers,Paris,"pop, Dance/Electronic",2017,0.653,0.658,221506,FALSE,,,,,,,,,
Big Sean,Bounce Back,"hip hop, pop",2017,0.78,0.575,222360,TRUE,,,,,,,,,
Shawn Mendes,Mercy,pop,2017,0.561,0.674,208733,FALSE,,,,,,,,,
Avicii,Lonely Together (feat. Rita Ora),"pop, Dance/Electronic",2017,0.655,0.666,181812,FALSE,,,,,,,,,
Cheat Codes,No Promises (feat. Demi Lovato),"pop, Dance/Electronic",2017,0.741,0.667,223503,FALSE,,,,,,,,,
Bruno Mars,24K Magic,pop,2016,0.818,0.803,225983,FALSE,,,,,,,,,
Lorde,Homemade Dynamite - REMIX,"pop, Dance/Electronic",2017,0.781,0.548,214254,TRUE,,,,,,,,,
Kygo,It Ain't Me (with Selena Gomez),"pop, Dance/Electronic",2017,0.64,0.533,220780,FALSE,,,,,,,,,
Drake,God's Plan,"hip hop, pop, R&B",2018,0.754,0.449,198973,TRUE,,,,,,,,,
Post Malone,rockstar (feat. 21 Savage),hip hop,2018,0.585,0.52,218146,TRUE,,,,,,,,,
Offset,Ric Flair Drip (with Metro Boomin),"hip hop, pop",2017,0.88,0.428,172800,TRUE,,,,,,,,,
G-Eazy,Him & I (with Halsey),"hip hop, pop",2017,0.589,0.731,268866,TRUE,,,,,,,,,
Dynoro,In My Mind,"pop, Dance/Electronic",2018,0.694,0.77,184560,FALSE,,,,,,,,,
Juice WRLD,Lucid Dreams,hip hop,2018,0.511,0.566,239835,TRUE,,,,,,,,,
Zedd,The Middle,"hip hop, pop, Dance/Electronic",2018,0.753,0.657,184732,FALSE,,,,,,,,,
Marshmello,FRIENDS,"pop, Dance/Electronic",2018,0.626,0.88,202620,TRUE,,,,,,,,,
Cardi B,I Like It,"hip hop, pop",2018,0.816,0.726,253390,TRUE,,,,,,,,,
XXXTENTACION,Moonlight,hip hop,2018,0.921,0.537,135090,TRUE,,,,,,,,,
Ariana Grande,no tears left to cry,pop,2018,0.699,0.713,205920,FALSE,,,,,,,,,
Sheck Wes,Mo Bamba,hip hop,2018,0.729,0.625,183906,TRUE,,,,,,,,,
Calvin Harris,One Kiss (with Dua Lipa),"hip hop, pop, Dance/Electronic",2018,0.791,0.862,214846,FALSE,,,,,,,,,
Tyga,Taste (feat. Offset),"hip hop, pop",2018,0.884,0.559,232959,TRUE,,,,,,,,,
Travis Scott,SICKO MODE,"hip hop, Dance/Electronic",2018,0.834,0.73,312820,TRUE,,,,,,,,,
Imagine Dragons,Natural,rock,2018,0.704,0.611,189466,FALSE,,,,,,,,,
DJ Snake,"Taki Taki (with Selena Gomez, Ozuna & Cardi B)","hip hop, pop, Dance/Electronic",2018,0.842,0.801,212500,TRUE,,,,,,,,,
Marshmello,Spotlight,"pop, Dance/Electronic",2018,0.546,0.822,177600,FALSE,,,,,,,,,
The Weeknd,Pray For Me (with Kendrick Lamar),"pop, R&B",2018,0.735,0.677,211440,TRUE,,,,,,,,,
Billie Eilish,lovely (with Khalid),"pop, Dance/Electronic",2018,0.351,0.296,200185,FALSE,,,,,,,,,
Migos,Walk It Talk It,"hip hop, pop",2018,0.907,0.633,276147,TRUE,,,,,,,,,
Clean Bandit,Solo (feat. Demi Lovato),"pop, Dance/Electronic",2018,0.737,0.636,222653,FALSE,,,,,,,,,
Drake,Nonstop,"hip hop, pop, R&B",2018,0.912,0.412,238614,TRUE,,,,,,,,,
6ix9ine,FEFE,hip hop,2018,0.931,0.387,179404,TRUE,,,,,,,,,
The Weeknd,Call Out My Name,"pop, R&B",2018,0.461,0.593,228373,FALSE,,,,,,,,,
Nio Garcia,Te Boté - Remix,latin,2018,0.903,0.675,417920,TRUE,,,,,,,,,
Migos,MotorSport,"hip hop, pop",2018,0.904,0.518,303076,TRUE,,,,,,,,,
Nicky Jam,X,latin,2019,0.594,0.749,172854,FALSE,,,,,,,,,
XXXTENTACION,SAD!,hip hop,2018,0.74,0.613,166605,TRUE,,,,,,,,,
Becky G,Sin Pijama,"pop, latin",2018,0.791,0.745,188560,FALSE,,,,,,,,,
Machine Gun Kelly,"Home (with Machine Gun Kelly, X Ambassadors & Bebe Rexha)","hip hop, pop",2017,0.653,0.718,202804,FALSE,,,,,,,,,
6ix9ine,GUMMO,hip hop,2018,0.66,0.775,157643,TRUE,,,,,,,,,
Jax Jones,Breathe,"hip hop, pop, Dance/Electronic",2017,0.722,0.744,207629,FALSE,,,,,,,,,
The Chainsmokers,Sick Boy,"pop, Dance/Electronic",2018,0.663,0.577,193200,FALSE,,,,,,,,,
Jay Rock,"King's Dead (with Kendrick Lamar, Future & James Blake)","hip hop, pop",2018,0.645,0.705,229670,TRUE,,,,,,,,,
Rich The Kid,Plug Walk,"hip hop, pop",2018,0.876,0.519,175229,TRUE,,,,,,,,,
Kendrick Lamar,All The Stars (with SZA),hip hop,2018,0.698,0.633,232186,TRUE,,,,,,,,,
Logic,Everyday,"hip hop, pop",2018,0.667,0.741,204746,TRUE,,,,,,,,,
Jason Derulo,Tip Toe (feat. French Montana),"hip hop, pop",2017,0.845,0.709,187521,FALSE,,,,,,,,,
Ariana Grande,God is a woman,pop,2018,0.602,0.658,197546,TRUE,,,,,,,,,
Rae Sremmurd,Powerglide (feat. Juicy J) - From SR3MM,"hip hop, pop",2018,0.713,0.831,332300,TRUE,,,,,,,,,
EO,German,set(),2018,0.862,0.583,170825,FALSE,,,,,,,,,
Dennis Lloyd,Nevermind,pop,2017,0.6,0.688,156600,FALSE,,,,,,,,,
girl in red,we fell in love in october,"pop, rock, Dance/Electronic",2018,0.566,0.366,184153,FALSE,,,,,,,,,
Selena Gomez,Wolves,pop,2017,0.724,0.804,197993,FALSE,,,,,,,,,
Tiësto,Jackie Chan,"pop, Dance/Electronic",2018,0.747,0.834,215759,TRUE,,,,,,,,,
Tom Walker,Leave a Light On,"rock, pop",2017,0.586,0.624,185863,FALSE,,,,,,,,,
Sofía Reyes,"1, 2, 3 (feat. Jason Derulo & De La Ghetto)","pop, latin",2018,0.792,0.895,201526,FALSE,,,,,,,,,
Marshmello,Silence,"pop, Dance/Electronic",2017,0.52,0.761,180822,FALSE,,,,,,,,,
5 Seconds of Summer,Youngblood,pop,2018,0.596,0.854,203417,FALSE,,,,,,,,,
Loud Luxury,Body (feat. brando),"pop, Dance/Electronic",2017,0.752,0.764,163216,FALSE,,,,,,,,,
Liam Payne,For You (Fifty Shades Freed) (& Rita Ora),pop,2018,0.541,0.787,245453,FALSE,,,,,,,,,
NF,Let You Down,"hip hop, pop",2017,0.662,0.714,212120,FALSE,,,,,,,,,
XXXTENTACION,changes,hip hop,2018,0.669,0.308,121886,FALSE,,,,,,,,,
Maluma,Corazón (feat. Nego do Borel),latin,2018,0.722,0.738,184720,FALSE,,,,,,,,,
Cardi B,Bodak Yellow,"hip hop, pop",2018,0.926,0.703,223712,TRUE,,,,,,,,,
Lil Baby,Yes Indeed,hip hop,2018,0.963,0.346,142273,TRUE,,,,,,,,,
Jonas Blue,Rise,"pop, Dance/Electronic",2018,0.687,0.785,194407,FALSE,,,,,,,,,
David Guetta,Flames,"hip hop, pop, Dance/Electronic",2018,0.631,0.649,194680,FALSE,,,,,,,,,
Ozuna,Vaina Loca,latin,2018,0.754,0.805,176133,FALSE,,,,,,,,,
Charlie Puth,How Long,pop,2018,0.845,0.561,200853,FALSE,,,,,,,,,
Post Malone,Better Now,hip hop,2018,0.68,0.578,231266,TRUE,,,,,,,,,
BlocBoy JB,Look Alive (feat. Drake),"hip hop, pop",2018,0.922,0.581,181263,TRUE,,,,,,,,,
Eminem,River (feat. Ed Sheeran),hip hop,2017,0.748,0.749,221013,TRUE,,,,,,,,,
Marshmello,Happier,"pop, Dance/Electronic",2018,0.687,0.792,214289,FALSE,,,,,,,,,
Dean Lewis,Be Alright,pop,2018,0.553,0.586,196373,TRUE,,,,,,,,,
Charlie Puth,Done for Me (feat. Kehlani),pop,2018,0.856,0.632,180493,FALSE,,,,,,,,,
Migos,Stir Fry,"hip hop, pop",2018,0.817,0.816,190288,TRUE,,,,,,,,,
YG,"BIG BANK (feat. 2 Chainz, Big Sean, Nicki Minaj)","hip hop, pop",2018,0.745,0.346,237240,TRUE,,,,,,,,,
Drake,In My Feelings,"hip hop, pop, R&B",2018,0.835,0.626,217925,TRUE,,,,,,,,,
B Young,Jumanji,"hip hop, Dance/Electronic",2018,0.791,0.473,173153,FALSE,,,,,,,,,
Charlie Puth,The Way I Am,pop,2018,0.755,0.769,186080,FALSE,,,,,,,,,
Reik,Me Niego (feat. Ozuna & Wisin),"pop, latin",2018,0.777,0.779,221653,FALSE,,,,,,,,,
benny blanco,Eastside (with Halsey & Khalid),"hip hop, pop",2018,0.56,0.68,173799,FALSE,,,,,,,,,
Luis Fonsi,Échame La Culpa,"pop, latin",2017,0.733,0.892,173720,FALSE,,,,,,,,,
MK,17,"pop, Dance/Electronic",2017,0.703,0.832,196489,FALSE,,,,,,,,,
Rita Ora,Anywhere,"hip hop, pop, Dance/Electronic",2017,0.628,0.797,215064,FALSE,,,,,,,,,
Banx & Ranx,Answerphone (feat. Yxng Bane),Dance/Electronic,2018,0.671,0.834,190920,FALSE,,,,,,,,,
Ella Mai,Trip,"hip hop, pop, R&B",2018,0.477,0.61,213993,FALSE,,,,,,,,,
Daddy Yankee,Dura,latin,2018,0.783,0.84,200480,FALSE,,,,,,,,,
DJ Khaled,No Brainer,"hip hop, pop",2018,0.552,0.76,260000,TRUE,,,,,,,,,
Anne-Marie,2002,"pop, Dance/Electronic",2018,0.697,0.683,186986,FALSE,,,,,,,,,
Bruno Mars,Finesse - Remix; feat. Cardi B,pop,2017,0.704,0.859,217288,FALSE,,,,,,,,,
FINNEAS,Let's Fall in Love for the Night,"rock, pop, Dance/Electronic",2018,0.737,0.408,190348,TRUE,,,,,,,,,
Hugh Jackman,The Greatest Show,easy listening,2017,0.417,0.824,302146,FALSE,,,,,,,,,
Halsey,Bad At Love,"pop, Dance/Electronic",2017,0.675,0.751,181279,FALSE,,,,,,,,,
Drake,I'm Upset,"hip hop, pop, R&B",2018,0.899,0.586,214466,TRUE,,,,,,,,,
Camila Cabello,Never Be the Same,pop,2018,0.637,0.713,226973,FALSE,,,,,,,,,
M.O,Bad Vibe,"pop, Dance/Electronic",2018,0.813,0.701,214253,FALSE,,,,,,,,,
Dua Lipa,IDGAF,pop,2017,0.836,0.544,217946,TRUE,,,,,,,,,
Cashmere Cat,Miss You (with Major Lazer & Tory Lanez),"pop, rock",2018,0.747,0.641,186231,FALSE,,,,,,,,,
Bazzi,Mine,"pop, Dance/Electronic",2018,0.71,0.789,131064,TRUE,,,,,,,,,
Lil Dicky,Freaky Friday (feat. Chris Brown),"hip hop, pop",2018,0.755,0.599,216631,TRUE,,,,,,,,,
Lauv,I Like Me Better,"pop, Dance/Electronic",2018,0.752,0.505,197436,FALSE,,,,,,,,,
The Chainsmokers,This Feeling,"pop, Dance/Electronic",2018,0.575,0.571,197946,FALSE,,,,,,,,,
Maroon 5,Girls Like You (feat. Cardi B) - Cardi B Version,pop,2018,0.851,0.541,235545,TRUE,,,,,,,,,
Khalid,Love Lies (with Normani),"pop, R&B",2018,0.708,0.648,201707,FALSE,,,,,,,,,
Drake,Nice For What,"hip hop, pop, R&B",2018,0.585,0.909,210746,TRUE,,,,,,,,,
Kendrick Lamar,LOVE. FEAT. ZACARI.,hip hop,2017,0.8,0.585,213400,TRUE,,,,,,,,,
Post Malone,Psycho (feat. Ty Dolla $ign),hip hop,2018,0.75,0.56,221440,TRUE,,,,,,,,,
Lil Nas X,Old Town Road - Remix,"hip hop, pop",2019,0.878,0.619,157066,FALSE,,,,,,,,,
Billie Eilish,bad guy,"pop, Dance/Electronic",2019,0.701,0.425,194087,FALSE,,,,,,,,,
Shawn Mendes,Señorita,pop,2019,0.759,0.548,190799,FALSE,,,,,,,,,
Ariana Grande,7 rings,pop,2019,0.778,0.317,178626,TRUE,,,,,,,,,
Post Malone,Sunflower - Spider-Man: Into the Spider-Verse,hip hop,2019,0.755,0.522,157560,FALSE,,,,,,,,,
Gesaffelstein,Lost in the Fire (feat. The Weeknd),Dance/Electronic,2019,0.658,0.671,202093,TRUE,,,,,,,,,
Halsey,Without Me,"pop, Dance/Electronic",2018,0.752,0.488,201660,TRUE,,,,,,,,,
Regard,Ride It,"pop, Dance/Electronic",2019,0.88,0.751,157605,FALSE,,,,,,,,,
Lady Gaga,Shallow,pop,2018,0.572,0.385,215733,FALSE,,,,,,,,,
Mark Ronson,Nothing Breaks Like a Heart (feat. Miley Cyrus),pop,2018,0.601,0.794,217466,FALSE,,,,,,,,,
Lewis Capaldi,Someone You Loved,pop,2019,0.501,0.405,182160,FALSE,,,,,,,,,
Jax Jones,All Day And Night,"hip hop, pop, Dance/Electronic",2019,0.585,0.782,169303,FALSE,,,,,,,,,
Mustard,Pure Water (with Migos),"hip hop, pop",2019,0.682,0.559,192470,TRUE,,,,,,,,,
NLE Choppa,Shotta Flow (feat. Blueface) [Remix],hip hop,2019,0.894,0.511,176631,TRUE,,,,,,,,,
Kodak Black,ZEZE (feat. Travis Scott & Offset),hip hop,2018,0.861,0.603,228759,TRUE,,,,,,,,,
Daddy Yankee,Con Calma,latin,2019,0.737,0.86,193226,FALSE,,,,,,,,,
Alec Benjamin,Let Me Down Slowly,"rock, pop, Dance/Electronic",2018,0.652,0.557,169353,FALSE,,,,,,,,,
BLACKPINK,Kill This Love,pop,2019,0.738,0.861,189052,FALSE,,,,,,,,,
Offset,Clout (feat. Cardi B),"hip hop, pop",2019,0.919,0.622,205803,TRUE,,,,,,,,,
MEDUZA,Piece Of Your Heart,"pop, Dance/Electronic",2019,0.677,0.744,152913,FALSE,,,,,,,,,
Ed Sheeran,Antisocial (with Travis Scott),pop,2019,0.716,0.823,161746,FALSE,,,,,,,,,
Travis Scott,SICKO MODE,"hip hop, Dance/Electronic",2018,0.834,0.73,312820,TRUE,,,,,,,,,
Mabel,Mad Love,"pop, Dance/Electronic",2019,0.631,0.803,169813,FALSE,,,,,,,,,
Lana Del Rey,Doin' Time,pop,2019,0.641,0.559,202192,TRUE,,,,,,,,,
DJ Snake,"Taki Taki (feat. Selena Gomez, Ozuna & Cardi B)","hip hop, pop, Dance/Electronic",2019,0.842,0.801,212500,TRUE,,,,,,,,,
A Boogie Wit da Hoodie,Look Back at It,hip hop,2018,0.791,0.587,179449,TRUE,,,,,,,,,
Saweetie,My Type,"hip hop, pop, R&B",2019,0.899,0.811,126446,TRUE,,,,,,,,,
Lil Tecca,Ransom,hip hop,2019,0.745,0.642,131240,TRUE,,,,,,,,,
Russ Millions,Keisha & Becky - Remix,pop,2019,0.863,0.471,252906,TRUE,,,,,,,,,
Billie Eilish,lovely (with Khalid),"pop, Dance/Electronic",2018,0.351,0.296,200185,FALSE,,,,,,,,,
Mabel,Don't Call Me Up,"pop, Dance/Electronic",2019,0.674,0.881,178480,FALSE,,,,,,,,,
Lil Nas X,Old Town Road,"hip hop, pop",2019,0.907,0.53,113000,FALSE,,,,,,,,,
Meek Mill,Going Bad (feat. Drake),"hip hop, pop",2018,0.889,0.496,180522,TRUE,,,,,,,,,
Post Malone,Wow.,hip hop,2019,0.829,0.539,149546,TRUE,,,,,,,,,
Doja Cat,Juicy,pop,2019,0.786,0.658,202333,TRUE,,,,,,,,,
A Boogie Wit da Hoodie,Swervin (feat. 6ix9ine),hip hop,2018,0.581,0.662,189486,TRUE,,,,,,,,,
iann dior,emotions,"hip hop, pop",2019,0.63,0.63,131213,FALSE,,,,,,,,,
Paulo Londra,Adan y Eva,"hip hop, latin, Dance/Electronic",2019,0.767,0.709,256971,FALSE,,,,,,,,,
Drake,Money In The Grave (Drake ft. Rick Ross),"hip hop, pop, R&B",2019,0.831,0.502,205426,TRUE,,,,,,,,,
Lil Nas X,Panini,"hip hop, pop",2019,0.703,0.594,114893,FALSE,,,,,,,,,
Bad Bunny,MIA (feat. Drake),latin,2018,0.817,0.539,210367,FALSE,,,,,,,,,
Polo G,Pop Out (feat. Lil Tjay),hip hop,2019,0.772,0.639,166560,TRUE,,,,,,,,,
Juice WRLD,Robbery,hip hop,2019,0.685,0.692,240050,TRUE,,,,,,,,,
21 Savage,a lot,hip hop,2018,0.837,0.636,288624,TRUE,,,,,,,,,
Young Thug,The London (feat. J. Cole & Travis Scott),"hip hop, pop",2019,0.796,0.586,200106,TRUE,,,,,,,,,
Anuel AA,China,latin,2019,0.786,0.808,301714,FALSE,,,,,,,,,
Camila Cabello,Liar,pop,2019,0.74,0.498,207038,FALSE,,,,,,,,,
Flipp Dinero,Leave Me Alone,"hip hop, pop",2019,0.792,0.743,195637,TRUE,,,,,,,,,
Cardi B,Money,"hip hop, pop",2018,0.95,0.59,183527,TRUE,,,,,,,,,
Ariana Grande,"break up with your girlfriend, i'm bored",pop,2019,0.726,0.554,190440,TRUE,,,,,,,,,
Dave,Location (feat. Burna Boy),hip hop,2019,0.812,0.496,241293,TRUE,,,,,,,,,
Ava Max,Sweet but Psycho,pop,2018,0.719,0.704,187436,FALSE,,,,,,,,,
Dua Lipa,Don't Start Now,pop,2019,0.794,0.793,183290,FALSE,,,,,,,,,
Young T & Bugsey,Strike a Pose (feat. Aitch),hip hop,2019,0.531,0.581,214203,TRUE,,,,,,,,,
Calvin Harris,Giant (with Rag'n'Bone Man),"hip hop, pop, Dance/Electronic",2019,0.807,0.887,229184,FALSE,,,,,,,,,
Ed Sheeran,Take Me Back to London (feat. Stormzy),pop,2019,0.885,0.762,189733,TRUE,,,,,,,,,
Cardi B,Please Me,"hip hop, pop",2019,0.747,0.57,200889,TRUE,,,,,,,,,
Stormzy,Vossi Bop,"hip hop, Dance/Electronic",2019,0.682,0.653,196266,TRUE,,,,,,,,,
Tones And I,Dance Monkey,pop,2019,0.824,0.588,209438,FALSE,,,,,,,,,
Ariana Grande,boyfriend (with Social House),pop,2019,0.4,0.795,186106,TRUE,,,,,,,,,
Bad Bunny,Callaita,latin,2019,0.61,0.624,250533,TRUE,,,,,,,,,
Ava Max,So Am I,pop,2019,0.682,0.656,183026,FALSE,,,,,,,,,
Pedro Capó,Calma - Remix,"pop, latin",2018,0.826,0.773,238200,FALSE,,,,,,,,,
J. Cole,MIDDLE CHILD,hip hop,2019,0.837,0.364,213593,TRUE,,,,,,,,,
Lunay,Soltera - Remix,"pop, latin",2019,0.795,0.783,266086,FALSE,,,,,,,,,
Khalid,Better,"pop, R&B",2018,0.442,0.585,229412,FALSE,,,,,,,,,
Blueface,Thotiana,hip hop,2018,0.906,0.382,129264,TRUE,,,,,,,,,
DaBaby,Suge,hip hop,2019,0.876,0.662,163320,TRUE,,,,,,,,,
AJ Tracey,Ladbroke Grove,"hip hop, Dance/Electronic",2019,0.903,0.839,190537,FALSE,,,,,,,,,
Billie Eilish,bury a friend,"pop, Dance/Electronic",2019,0.905,0.389,193143,FALSE,,,,,,,,,
BTS,Boy With Luv (feat. Halsey),pop,2019,0.645,0.862,229773,FALSE,,,,,,,,,
Wiley,Boasty (feat. Idris Elba),"hip hop, Dance/Electronic",2019,0.887,0.765,177185,TRUE,,,,,,,,,
Jonas Brothers,Only Human,pop,2019,0.795,0.496,183000,FALSE,,,,,,,,,
5 Seconds of Summer,Easier,pop,2019,0.505,0.428,157492,FALSE,,,,,,,,,
Avicii,SOS (feat. Aloe Blacc),"pop, Dance/Electronic",2019,0.802,0.645,157202,FALSE,,,,,,,,,
"Tyler, The Creator",EARFQUAKE,hip hop,2019,0.554,0.498,190066,TRUE,,,,,,,,,
Ashley O,On A Roll,set(),2019,0.736,0.81,154447,FALSE,,,,,,,,,
Dominic Fike,3 Nights,"rock, pop",2018,0.815,0.518,177666,FALSE,,,,,,,,,
Sigala,Wish You Well,"pop, Dance/Electronic",2019,0.669,0.895,205653,FALSE,,,,,,,,,
Megan Thee Stallion,Hot Girl Summer (feat. Nicki Minaj & Ty Dolla $ign),"hip hop, pop, R&B",2019,0.872,0.814,199427,TRUE,,,,,,,,,
Anuel AA,Secreto,latin,2019,0.807,0.803,258800,FALSE,,,,,,,,,
Sam Feldt,Post Malone (feat. RANI),"pop, Dance/Electronic",2019,0.59,0.642,174444,FALSE,,,,,,,,,
Kehlani,Nights Like This (feat. Ty Dolla $ign),"hip hop, pop, R&B",2019,0.61,0.725,201787,TRUE,,,,,,,,,
Sech,Otro Trago,latin,2019,0.746,0.7,225933,TRUE,,,,,,,,,
Post Malone,Better Now,hip hop,2018,0.68,0.578,231266,TRUE,,,,,,,,,
Ed Sheeran,Cross Me (feat. Chance the Rapper & PnB Rock),pop,2019,0.746,0.787,206186,TRUE,,,,,,,,,
Lauv,i'm so tired...,"pop, Dance/Electronic",2019,0.599,0.733,162582,FALSE,,,,,,,,,
iann dior,gone girl,"hip hop, pop",2019,0.677,0.714,136568,TRUE,,,,,,,,,
Panic! At The Disco,High Hopes,rock,2018,0.579,0.904,190946,FALSE,,,,,,,,,
Marshmello,One Thing Right,"pop, Dance/Electronic",2019,0.659,0.625,181823,FALSE,,,,,,,,,
Sam Smith,How Do You Sleep?,pop,2019,0.477,0.682,202204,FALSE,,,,,,,,,
NSG,Options,"World/Traditional, hip hop",2020,0.836,0.621,240081,TRUE,,,,,,,,,
Normani,Motivation,"pop, R&B",2019,0.599,0.887,193837,FALSE,,,,,,,,,
Joel Corry,Sorry,"pop, Dance/Electronic",2019,0.744,0.79,188640,FALSE,,,,,,,,,
Post Malone,Goodbyes (Feat. Young Thug),hip hop,2019,0.58,0.653,174960,TRUE,,,,,,,,,
Jonas Brothers,Sucker,pop,2019,0.842,0.734,181026,FALSE,,,,,,,,,
Taylor Swift,Cruel Summer,pop,2019,0.552,0.702,178426,FALSE,,,,,,,,,
Blanco Brown,The Git Up,"hip hop, country",2019,0.847,0.678,200593,FALSE,,,,,,,,,
Sam Smith,Dancing With A Stranger (with Normani),pop,2019,0.741,0.52,171029,FALSE,,,,,,,,,
Post Malone,Circles,hip hop,2019,0.695,0.762,215280,FALSE,,,,,,,,,
Demi Lovato,Reload - Radio Edit,"rock, blues, latin",2008,0.6766335595335005,0.804387427,165991,TRUE,,,,,,,,,
Céline Dion,Buzzin Remix,"hip hop, latin, Dance/Electronic",2015,0.6779478487814176,0.6743701135376395,315707,TRUE,,,,,,,,,
Dynoro,Don't Lie,"World/Traditional, rock",2013,0.5583181801803577,0.8747255452790843,179358,FALSE,,,,,,,,,
FINNEAS,Southern Hospitality (Featuring Pharrell),"Folk/Acoustic, rock, pop",2003,0.7441825964233786,0.745945053,222255,TRUE,,,,,,,,,
S Club 7,A Moment Like This,"World/Traditional, pop",2008,0.5748638661060091,0.6942881284967723,201536,FALSE,,,,,,,,,
Westlife,Bootylicious,"World/Traditional, rock",2019,0.7178014471498906,0.5450031756578386,321979,TRUE,,,,,,,,,
Robyn,Candy Shop,"hip hop, pop",2007,0.7137234635190157,0.719648486,312007,TRUE,,,,,,,,,
Lily Allen,Best Thing I Never Had,"pop, Folk/Acoustic",2023,0.48351119436917367,0.8266581100860206,321606,TRUE,,,,,,,,,
Lenny Kravitz,On My Mind,"hip hop, country",2019,0.6603997650113381,0.6522604048861487,217418,FALSE,,,,,,,,,
Ronan Keating,Mad World (Feat. Michael Andrews),"hip hop, pop, R&B, Dance/Electronic",2005,0.6717747848104408,0.8440047678721113,265160,TRUE,,,,,,,,,
Bow Wow,In For The Kill,"World/Traditional, pop",2009,0.6483086103205911,0.8621752571226577,230967,FALSE,,,,,,,,,
Puddle Of Mudd,Black Widow,"country, latin",2008,0.6363850356720281,0.3981182432151035,260634,TRUE,,,,,,,,,
Gavin DeGraw,Give It To Me,"pop, rock, metal",2010,0.7746419448549389,0.5755728113238325,219381,TRUE,,,,,,,,,
Megan Thee Stallion,Let Me Go,"rock, classical",2010,0.4908703697928159,0.6732549579794287,262492,TRUE,,,,,,,,,
Lil Tecca,F**kin' Perfect,pop,2015,0.5777030339174856,0.921818272,142825,TRUE,,,,,,,,,
Flume,Viva La Vida,"rock, pop, metal, Dance/Electronic",2006,0.5549599152129074,0.7099754749054439,253700,FALSE,,,,,,,,,
A$AP Rocky,My Life Would Suck Without You,"World/Traditional, hip hop",2013,0.4508586989286104,0.5727698206814471,158013,TRUE,,,,,,,,,
Robin Thicke,Better Than Me,"pop, country",2004,0.8398754998200738,0.7101658150809864,194901,TRUE,,,,,,,,,
Joel Adams,Fighter,"rock, easy listening",1999,0.6518886333428487,0.7974688908229768,296635,TRUE,,,,,,,,,
Jonas Blue,Shake That,"World/Traditional, pop",2006,0.9583579621394778,0.6723324812747847,253126,TRUE,,,,,,,,,
Mike Posner,Better,"hip hop, pop, R&B",2013,0.6500442109475855,0.771756063,209630,TRUE,,,,,,,,,
Da Brat,Hands Clean,"rock, pop, metal",2010,0.7446196007984787,0.8324993235312828,268482,TRUE,,,,,,,,,
Chris Brown,Dance Monkey,"pop, R&B, easy listening",2012,0.605895056,0.5380942840339573,309875,TRUE,,,,,,,,,
3OH!3,Locked Up,pop,2012,0.7465036184171036,0.6013959767251438,237873,TRUE,,,,,,,,,
ScHoolboy Q,Money,"pop, latin",1998,0.5289164981408692,0.9179373718808903,254099,TRUE,,,,,,,,,
Faithless,Come & Get It,"hip hop, latin, Dance/Electronic",2003,0.8416253999050032,0.6761688551959724,193936,TRUE,,,,,,,,,
Juanes,Tonight Tonight,"hip hop, pop, latin",2006,0.4590925956721059,0.5244231112426773,180585,TRUE,,,,,,,,,
Scouting For Girls,About You Now,hip hop,2016,0.7184048682558906,0.8551860488878202,249852,TRUE,,,,,,,,,
JAY-Z,Friends (with BloodPop®),"Folk/Acoustic, rock",2013,0.8810326989254416,0.8167814952414076,177078,TRUE,,,,,,,,,
Joe,I Need A Doctor,pop,2012,0.655090746,0.4832752206619907,300129,TRUE,,,,,,,,,
Pedro Capó,No Tomorrow,"World/Traditional, pop",2007,0.6575318050535626,0.5801620940179946,265454,TRUE,,,,,,,,,
Rich Homie Quan,Natural,"hip hop, pop, latin",2006,0.5237913425609957,0.6900077309028917,274616,TRUE,,,,,,,,,
Baby Bash,Sweat - Remix,easy listening,2015,0.669619807,0.5081445670774083,219543,TRUE,,,,,,,,,
Adele,Dangerous Woman,"hip hop, country",2010,0.6382218855129952,0.5550986162966364,178837,TRUE,,,,,,,,,
Starley,Have You Ever,"World/Traditional, rock, pop",2012,0.6930477305826352,0.7839894619970159,232115,TRUE,,,,,,,,,
Zedd,Give It To Me,rock,1998,0.6718392818023853,0.8072701646647851,160603,TRUE,,,,,,,,,
All Time Low,Classic,"rock, Dance/Electronic",2016,0.7292382702059899,0.485404948,300311,TRUE,,,,,,,,,
Desiigner,Fire Burning,"pop, Dance/Electronic",2012,0.5630901135149373,0.7541816408225824,255192,TRUE,,,,,,,,,
Lloyd,This Is What It Feels Like,"rock, R&B, Folk/Acoustic, pop",2012,0.7838765074524368,0.7352564360309949,255571,TRUE,,,,,,,,,
Will Smith,The Greatest Show,"hip hop, country",2003,0.8379510736128422,0.6145942293372333,216700,FALSE,,,,,,,,,
Fitz and The Tantrums,SOS,"rock, easy listening",2008,0.45353818619508024,0.6149716733527968,223069,TRUE,,,,,,,,,
O-Zone,I'm Outta Love - Radio Edit,"World/Traditional, pop, Folk/Acoustic",2013,0.7817314426819222,0.42999952981127676,288080,TRUE,,,,,,,,,
Halsey,"Wanksta - From ""8 Mile"" Soundtrack","rock, pop, metal",2013,0.8105905637939471,0.8101059576585375,239292,FALSE,,,,,,,,,
Wiz Khalifa,My Way,"pop, easy listening, jazz",2007,0.7755081736224152,0.5849262818365055,220593,TRUE,,,,,,,,,
Dave,Can't Feel My Face,"World/Traditional, pop",2015,0.6568839008186286,0.8968592504718784,244921,TRUE,,,,,,,,,
Tyga,Chill Bill (feat. J. Davi$ & Spooks),"World/Traditional, rock, pop",2011,0.6573358038930088,0.961299248,264550,FALSE,,,,,,,,,
Lauv,What's Left Of Me,"country, latin",2006,0.48566480400699186,0.7747301830653381,246878,TRUE,,,,,,,,,
Lady A,It's Over Now,"pop, R&B, Dance/Electronic",2011,0.6281358279332019,0.8113184246257052,234690,FALSE,,,,,,,,,
Camila Cabello,Feel This Moment (feat. Christina Aguilera),"World/Traditional, rock, pop",2016,0.8435253362329286,0.5438080972167381,260380,TRUE,,,,,,,,,
Toni Braxton,Get Ur Freak On,"Folk/Acoustic, pop",2005,0.8036766971225417,0.7178088080680667,239210,TRUE,,,,,,,,,
Jay Sean,Worth It (feat. Kid Ink),"World/Traditional, rock, pop",2007,0.5040660665248013,0.5323690502402985,257024,FALSE,,,,,,,,,
Pitbull,Jocelyn Flores,"hip hop, rock, pop",2012,0.58930382,0.6935800846474671,197989,FALSE,,,,,,,,,
Elvis Presley,Let Me Love You,metal,2017,0.7787523973168504,0.7246343665066032,267262,FALSE,,,,,,,,,
Charli Baltimore,Vaina Loca,"pop, rock, metal",2004,0.6813405032012965,0.5532509242228203,278005,TRUE,,,,,,,,,
Room 5,Intro,"pop, easy listening, jazz",2005,0.40767239075640727,0.605107205,227537,TRUE,,,,,,,,,
MK,Rocketeer,"rock, blues",2009,0.705461728,0.5850480119378805,203965,FALSE,,,,,,,,,
Juanes,Hella Good,"World/Traditional, pop, Folk/Acoustic",2017,0.6123709152382233,0.914974244,192988,TRUE,,,,,,,,,
Hot Chelle Rae,Boom Boom Pow,country,2004,0.6233243268631046,0.8428601136998892,215825,FALSE,,,,,,,,,
Nico & Vinz,Shut Up and Let Me Go,"pop, latin",2007,0.6614978721502504,0.8205156138846319,238081,TRUE,,,,,,,,,
Three Days Grace,Lose Yourself to Dance (feat. Pharrell Williams),easy listening,2016,0.7625536490100461,0.5040370465966308,243475,TRUE,,,,,,,,,
Junior Senior,Waiting All Night (feat. Ella Eyre),"World/Traditional, rock, pop",2003,0.5452693854725861,0.6510240779818252,212724,FALSE,,,,,,,,,
Bow Wow,My Prerogative,easy listening,2012,0.44841310425417424,0.6150836997810627,258532,TRUE,,,,,,,,,
Macklemore,Don't Wake Me Up,"hip hop, country",2016,0.680048452,0.842713967,265742,FALSE,,,,,,,,,
Britney Spears,The Edge Of Glory,"rock, pop, Dance/Electronic",2005,0.66504034,0.7620554904793815,188639,TRUE,,,,,,,,,
Liberty X,Hymn for the Weekend,"hip hop, R&B",2011,0.5853492801131946,0.8490978339430155,256386,TRUE,,,,,,,,,
Mary J. Blige,Clint Eastwood,"hip hop, pop, rock",2022,0.71131151,0.3860350003512882,220675,TRUE,,,,,,,,,
Stromae,"break up with your girlfriend, i'm bored","rock, blues, latin",2003,0.6894217241535138,0.5378296742355662,239350,TRUE,,,,,,,,,
Dennis Lloyd,Music (feat. Marvin Gaye),"World/Traditional, pop, Folk/Acoustic",2012,0.6331645794395085,0.8642438665987394,217345,TRUE,,,,,,,,,
Afroman,Diamonds From Sierra Leone - Remix,"pop, R&B, Dance/Electronic",2015,0.6345681554955748,0.8070943855589295,114442,FALSE,,,,,,,,,
Jay Sean,Save The World,country,2005,0.7006577784146213,0.701209287,252105,FALSE,,,,,,,,,
Mis-Teeq,You Found Me,latin,2016,0.8790889579217493,0.7372602735467709,264281,FALSE,,,,,,,,,
Fatman Scoop,Good Feeling,rock,1993,0.6827487892305115,0.5723623390280013,221226,TRUE,,,,,,,,,
Alexandra Stan,The Boy Does Nothing,"hip hop, pop, latin",2019,0.5142190364524706,0.5591612478844632,281311,FALSE,,,,,,,,,
Gigi D'Agostino,"Lose Yourself - From ""8 Mile"" Soundtrack","hip hop, rock, pop",2006,0.8259887441646604,0.6932149720831156,225550,TRUE,,,,,,,,,
Blanco Brown,Savin' Me,"rock, classical",2007,0.763629346,0.8474609611108816,251141,FALSE,,,,,,,,,
Big Brovaz,I'm Outta Love - Radio Edit,pop,2011,0.5909054105612184,0.8000397656875994,210508,FALSE,,,,,,,,,
Petey Pablo,I Predict A Riot,"hip hop, pop",2003,0.5589802155825655,0.7727445629756159,270509,FALSE,,,,,,,,,
DJ Snake,gone girl,pop,2018,0.6860954071592708,0.6506351655200193,269404,TRUE,,,,,,,,,
Nico & Vinz,F**kin' Perfect,R&B,1994,0.8194303583703931,0.6361381178460155,252463,TRUE,,,,,,,,,
fun.,Ready or Not,"hip hop, latin, Dance/Electronic",2004,0.578557521,0.47610979384411367,157092,TRUE,,,,,,,,,
DJ Khaled,Every Teardrop Is a Waterfall,"hip hop, R&B",2008,0.5104206753530001,0.7344839554673419,211645,TRUE,,,,,,,,,
Nick Jonas,We Are Young (feat. Janelle Monáe),"rock, Folk/Acoustic, pop",2015,0.6796524574156115,0.6700598389677369,206284,TRUE,,,,,,,,,
Shaggy,Wish You Well,"rock, pop, metal",2015,0.7234538436227019,1.0224613457826774,222525,FALSE,,,,,,,,,
Milky Chance,NO,"rock, pop",2009,0.7281855383748139,0.7966955507792566,205080,TRUE,,,,,,,,,
blink-182,Soltera - Remix,"hip hop, pop, rock",2003,0.6038011364862557,0.6722175316444604,165960,FALSE,,,,,,,,,
Maggie Lindemann,Suddenly I See,"hip hop, Dance/Electronic",2010,0.8866595571115999,0.7170885666327409,207731,FALSE,,,,,,,,,
Kelly Rowland,Symphony (feat. Zara Larsson),"rock, pop",2010,0.3586322909585431,0.7831143417306896,214176,FALSE,,,,,,,,,
Tom Jones,"break up with your girlfriend, i'm bored","hip hop, pop, Dance/Electronic",2010,0.9025625886895552,0.6064730292024326,209053,TRUE,,,,,,,,,
Geri Halliwell,I'm a Slave 4 U,"hip hop, pop",2018,0.665649527,0.6613345374670402,199720,TRUE,,,,,,,,,
Stormzy,Dancing With A Stranger (with Normani),"rock, metal",2011,0.7929978434984479,0.5309977192382644,264089,FALSE,,,,,,,,,
Infernal,Blurry,"hip hop, pop, rock",2004,1.1586952551194427,0.7249994386043682,270467,TRUE,,,,,,,,,
AJ Tracey,My Love Is Like...Wo - Main Mix,"World/Traditional, pop, Folk/Acoustic",2003,0.45277612229097164,0.5770915703570807,193546,TRUE,,,,,,,,,
LeAnn Rimes,Best I Ever Had,"hip hop, pop, Dance/Electronic",2009,0.6977915166787574,0.7086873618441017,197163,FALSE,,,,,,,,,
Akon,Thank You,"rock, pop, metal, Dance/Electronic",2012,0.6660450875651729,0.7130525378579238,273464,TRUE,,,,,,,,,
The Kooks,Final Song,"pop, Dance/Electronic",2006,0.7302320936730617,0.7270717022239741,300357,TRUE,,,,,,,,,
Musiq Soulchild,"Home (with Machine Gun Kelly, X Ambassadors & Bebe Rexha)","hip hop, pop, rock",2002,0.5419910428638979,0.831213799,219927,TRUE,,,,,,,,,
Tinchy Stryder,Man's Not Hot,"World/Traditional, pop, Folk/Acoustic",2002,0.7230681404237006,0.7247261102002114,283701,TRUE,,,,,,,,,
B Young,Cross Me (feat. Chance the Rapper & PnB Rock),easy listening,2004,0.5905665211036941,0.8158467898317643,249038,FALSE,,,,,,,,,
Agnes,I Need Your Love (feat. Ellie Goulding),R&B,2011,0.8733730585734025,0.6682160983873233,259113,TRUE,,,,,,,,,
Joe,Nu Flow,"World/Traditional, pop, Folk/Acoustic",2005,0.8432443093672668,0.5889685688779436,249080,TRUE,,,,,,,,,
6ix9ine,Higher,"hip hop, rock, pop",2017,0.8551555187050207,0.5151736901889366,190725,TRUE,,,,,,,,,
Lil' Kim,How We Do (Party),"rock, easy listening",2011,0.7974513686664078,1.0283120515990782,256241,TRUE,,,,,,,,,
Chord Overstreet,Hung Up,"hip hop, R&B",2008,0.8439025365601841,0.8401800497182085,243363,TRUE,,,,,,,,,
Lunay,New Divide,"country, latin",2015,0.8377813431296601,0.5982086505496587,198814,TRUE,,,,,,,,,
Panjabi MC,Amazing,"World/Traditional, pop, Folk/Acoustic",2008,0.6999952325098434,0.6225215871536298,246790,TRUE,,,,,,,,,
Nick Jonas,Wings,hip hop,2015,0.8079793140642731,0.806104573,174038,TRUE,,,,,,,,,
Selena Gomez & The Scene,Diamonds From Sierra Leone - Remix,hip hop,2010,0.5922420905170722,0.7937292181355704,264977,FALSE,,,,,,,,,
The Lumineers,That's My Goal,Dance/Electronic,2008,0.9686745581794103,0.8761638693925782,287854,TRUE,,,,,,,,,
The Neighbourhood,Wait (The Whisper Song),"rock, Folk/Acoustic, easy listening",2029,0.5206665414917344,0.5153973040084563,220135,TRUE,,,,,,,,,
Five,Unwritten,"rock, blues",2004,0.4602291122218388,0.7167143145874837,266991,TRUE,,,,,,,,,
Jason Derulo,Story of My Life,"pop, rock, Folk/Acoustic",2006,0.6340739509093763,0.650524171,199295,FALSE,,,,,,,,,
Blu Cantrell,Bed Of Lies,"pop, rock",2008,0.860366611,0.6105192796865854,219682,TRUE,,,,,,,,,
Fetty Wap,Do I Wanna Know?,"pop, rock, Folk/Acoustic",2004,0.7119670794512997,0.5061850153150937,192052,TRUE,,,,,,,,,
blackbear,Baby,latin,2002,0.6991602761454259,0.9059716626461647,193472,FALSE,,,,,,,,,
Carly Rae Jepsen,Little Dark Age,"hip hop, Dance/Electronic",2008,0.6740189775973997,0.571349547,332152,TRUE,,,,,,,,,
MiMS,Like You (feat. Ciara),R&B,2008,0.4753403620796024,0.8261968627204063,248663,FALSE,,,,,,,,,
Naughty Boy,Rather Be (feat. Jess Glynne),"rock, easy listening",2008,0.4914874861835271,0.8269615595313988,224716,TRUE,,,,,,,,,
Tinchy Stryder,Stronger (What Doesn't Kill You),metal,1999,0.5032393593885434,0.7697076470334383,271969,FALSE,,,,,,,,,
Sech,Say My Name,"hip hop, pop, country",2019,0.7365209316321316,0.7788595124984135,269910,TRUE,,,,,,,,,
Felix Jaehn,Lollipop,"hip hop, pop, Dance/Electronic",2004,0.5887122623632488,0.6137124426877644,271807,TRUE,,,,,,,,,
The xx,Human,"hip hop, country",2014,0.8985353833422484,0.7268093746051916,190366,FALSE,,,,,,,,,
Taylor Swift,Ain't Nobody (Loves Me Better) (feat. Jasmine Thompson),"World/Traditional, rock",2018,0.8059482998753751,0.5783600855477855,182666,TRUE,,,,,,,,,
The Vamps,I Bet You Look Good On The Dancefloor,"hip hop, country",2012,0.653559031,0.7960457443581043,159589,FALSE,,,,,,,,,
Asher Roth,Far Away,"pop, easy listening, Dance/Electronic",2009,0.46112410511396457,0.7576740753642498,244547,FALSE,,,,,,,,,
Bazzi,Ride It,"Folk/Acoustic, rock, pop",2014,0.7206757654195538,0.5007315656715706,222201,TRUE,,,,,,,,,
Lumidee,Powerglide (feat. Juicy J) - From SR3MM,"World/Traditional, pop",2009,0.7757807502998246,0.9317053423404222,232305,TRUE,,,,,,,,,
James Blunt,Save The World,"rock, easy listening",2016,0.5671953981078139,0.8188204257692658,274425,TRUE,,,,,,,,,
Mr. Probz,Adventure of a Lifetime,"rock, Dance/Electronic",2017,0.6210205453241003,0.7735964644782811,244757,TRUE,,,,,,,,,
Cam’ron,Someone Like You,country,2016,0.6976374556545369,0.961792336,228623,FALSE,,,,,,,,,
Alexandra Stan,Get It Poppin' (feat. Nelly) - Radio Version,"World/Traditional, Folk/Acoustic",2002,0.8267461774510084,0.9317718460508531,201640,TRUE,,,,,,,,,
Mark Ronson,Same Old Love,"hip hop, pop, Dance/Electronic",2012,0.6750978809587515,0.881401396,231215,TRUE,,,,,,,,,
Taylor Swift,Lips Of An Angel,"World/Traditional, pop",2010,0.85293598,0.551598735,239377,TRUE,,,,,,,,,
Twenty One Pilots,I Don't Feel Like Dancin',"rock, classical",2019,0.5890177183463344,0.7523805538778883,166452,TRUE,,,,,,,,,
Modjo,Raise Your Glass,"World/Traditional, rock",2011,0.5346882754583342,0.5954014363415167,221122,TRUE,,,,,,,,,
David Archuleta,Cake By The Ocean,"pop, Dance/Electronic",2010,0.7276440231292645,0.779226921,247647,TRUE,,,,,,,,,
Madcon,2002,"hip hop, pop, Dance/Electronic",2008,0.6790434882251863,0.7518846267634686,196251,TRUE,,,,,,,,,
Sak Noel,Trick Me,"country, latin",2017,0.5945025823852568,0.897916893,237047,TRUE,,,,,,,,,
Route 94,Feel This Moment (feat. Christina Aguilera),"hip hop, pop, latin",2001,0.5539337599896936,0.5982565612890428,211423,TRUE,,,,,,,,,
Robin Thicke,Loverboy,"pop, easy listening, jazz",2005,0.5152209183619987,0.8789153836853103,197062,TRUE,,,,,,,,,
Cher Lloyd,One Minute Man (feat. Ludacris),"pop, rock, Dance/Electronic",2003,0.6390146230620061,0.5983424653931435,276339,TRUE,,,,,,,,,
Staind,Worth It (feat. Kid Ink),"hip hop, pop, R&B, Dance/Electronic",2015,0.7179403493050265,0.7127184490204159,167613,TRUE,,,,,,,,,
Ozuna,17,"hip hop, pop, R&B, latin",2003,0.6828598952546223,0.609385986,262257,FALSE,,,,,,,,,
Modjo,C'Mon,"country, latin",2014,0.664354733,0.4222449416286418,154990,TRUE,,,,,,,,,
Blu Cantrell,Sweet Nothing (feat. Florence Welch),"pop, latin",2003,0.6612771861499895,0.730421114,193389,TRUE,,,,,,,,,
Neon Trees,Cool Girl,pop,2006,0.4614897873703623,0.6292643225062698,235483,TRUE,,,,,,,,,
Demi Lovato,Heart Attack,"rock, Folk/Acoustic, easy listening",2016,0.4631901047376522,0.5959378794594276,197143,TRUE,,,,,,,,,
Adele,All In My Head (Flex) (feat. Fetty Wap),"pop, R&B",2011,0.6028043597345742,0.7162380081266221,218432,TRUE,,,,,,,,,
The Rasmus,Treat You Better,Dance/Electronic,2015,0.403605663,0.5866188376719147,168070,FALSE,,,,,,,,,
Selena Gomez & The Scene,Put That Woman First,"rock, pop, metal, Dance/Electronic",2006,0.7133197307411658,0.7060915765326952,277096,FALSE,,,,,,,,,
Mariah Carey,I Know What You Did Last Summer,"pop, rock, metal",2010,0.4605658983002425,0.9482010906239606,193527,TRUE,,,,,,,,,
Garrett Nash,Gasolina,rock,2017,0.758003091,0.662714506,185120,FALSE,,,,,,,,,
Debelah Morgan,Congratulations,pop,2009,0.9276053682293681,0.983885927,280629,TRUE,,,,,,,,,
Professor Green,Ayo Technology,"pop, easy listening, jazz",1999,0.5733105313661399,0.7393384648296254,239234,FALSE,,,,,,,,,
Otto Knows,Middle,"rock, blues",2010,0.5493682713535728,0.6142886291911571,215689,TRUE,,,,,,,,,
Starley,About You Now,"pop, easy listening, Dance/Electronic",2013,0.6315992560209333,0.6887808660367257,138418,TRUE,,,,,,,,,
Skrillex,Levels - Radio Edit,"rock, classical",2005,0.5164951959107554,0.7987056555776599,228351,TRUE,,,,,,,,,
Tamia,Try Again,"World/Traditional, hip hop",2013,0.6293519310654724,0.8421711943323212,211044,FALSE,,,,,,,,,
All Saints,Diary (feat. Tony! Toni! Tone! & Jermaine Paul),"pop, rock, Dance/Electronic",2003,0.7767586639595739,0.44874450702839036,209089,TRUE,,,,,,,,,
Jimmy Eat World,Seven Nation Army,"World/Traditional, rock, pop",2006,0.6635267243213558,0.6403484282989437,279043,FALSE,,,,,,,,,
The Streets,Sexy And I Know It,"pop, easy listening, jazz",2013,0.6889192568941105,0.7644655761199782,287926,TRUE,,,,,,,,,
blackbear,Buttons,"World/Traditional, hip hop",2008,0.9821180929259887,0.5330191756864708,235985,TRUE,,,,,,,,,
Ciara,Just Hold On,"pop, rock, metal",1999,0.7249985666322396,0.6620643766389968,251097,TRUE,,,,,,,,,
Wiz Khalifa,Let's Dance - Radio Edit,"pop, Folk/Acoustic",2012,0.6945265964121005,0.521654829,296513,TRUE,,,,,,,,,
MKTO,Something Just Like This,"World/Traditional, Folk/Acoustic",2007,0.7278058817190232,0.9241131519502135,218718,TRUE,,,,,,,,,
Two Door Cinema Club,All Rise,"rock, blues, latin",2011,0.8099130054261731,0.7004477950639931,178340,TRUE,,,,,,,,,
David Banner,Animals,"pop, R&B",2007,0.7316629109601608,0.5567259545337901,210520,TRUE,,,,,,,,,
Sean Paul,Drops of Jupiter (Tell Me),"pop, easy listening, jazz",2005,0.671142737,0.6683254188400131,224681,FALSE,,,,,,,,,
Lil Tecca,Everytime We Touch - Radio Edit,"Folk/Acoustic, rock, pop",2010,0.46510356460276936,0.42965804788029466,233560,FALSE,,,,,,,,,
Sophie Ellis-Bextor,Circles,"pop, easy listening, jazz",2014,0.692223082,0.6953566035659714,171240,FALSE,,,,,,,,,
FINNEAS,Lose Control (feat. Ciara & Fat Man Scoop),"pop, latin",2017,0.7128410442205275,0.6971032208865596,262394,TRUE,,,,,,,,,
Nelly,"Dance, Dance",rock,2007,0.6494688331664242,0.5096774035607907,176479,TRUE,,,,,,,,,
benny blanco,No Promises,"hip hop, R&B",1998,0.7124154836397242,0.6951897439470978,220444,FALSE,,,,,,,,,
Lumidee,Your Love Is My Drug,"country, latin",2018,0.7911302498852936,0.8293825910535981,232683,TRUE,,,,,,,,,
Just Jack,Here,"hip hop, pop",2000,0.37041686326769524,0.3944790153787617,222255,TRUE,,,,,,,,,
Estelle,Dance Again,easy listening,2006,0.6200477153475198,0.8515931556186278,225662,TRUE,,,,,,,,,
Staind,Days Go By,"rock, Dance/Electronic",2011,0.5006514107844174,0.8124943243594398,240884,TRUE,,,,,,,,,
P.O.D.,Don't Wanna Try,"pop, latin",2022,0.8838641880904535,0.860288915,209242,TRUE,,,,,,,,,
Cher Lloyd,"Steady, As She Goes","rock, pop, Dance/Electronic",2010,0.8374690207163381,0.578015414,268896,TRUE,,,,,,,,,
MKTO,Thunder in My Heart Again (Radio Edit),"rock, easy listening",2013,0.4861894000344763,0.91746289,164595,TRUE,,,,,,,,,
The Neighbourhood,Oops!...I Did It Again,"pop, country",2014,0.4073977313817853,0.5999522362078015,258166,TRUE,,,,,,,,,
6ix9ine,Ready For Your Love,easy listening,2007,0.6395004465011703,0.7154462114641427,187412,TRUE,,,,,,,,,
Polo G,When You're Gone,"pop, rock",2004,0.8200751623088072,0.8438903888253593,178676,TRUE,,,,,,,,,
Astrid S,Animals - Radio Edit,"pop, rock",2014,0.6776313772997565,0.9245728414773646,262388,TRUE,,,,,,,,,
James Blunt,Take Me To Church,"rock, R&B, Folk/Acoustic, pop",2008,0.7422073559162294,0.44593645214335315,249896,TRUE,,,,,,,,,
Eamon,Savin' Me,"hip hop, pop, R&B, latin",2014,0.7153422968631594,0.901572798,270299,FALSE,,,,,,,,,
Bazzi,Whistle,"hip hop, pop, R&B, Dance/Electronic",2009,0.9681685151964887,0.627060591,175023,TRUE,,,,,,,,,
Chord Overstreet,The Jump Off (feat. Mr. Cheeks) - Remix,"hip hop, pop",2009,0.602381791,0.6649335280375971,254629,TRUE,,,,,,,,,
D12,Here,set(),2007,0.581954555,0.8138690038197585,238760,FALSE,,,,,,,,,
3 Doors Down,My Humps,"pop, latin",2007,0.786586816,0.7097804781995833,216137,TRUE,,,,,,,,,
Alex Clare,Dangerous Woman,"World/Traditional, hip hop",2017,0.5197946794147722,0.8121702166824858,250264,TRUE,,,,,,,,,
Petit Biscuit,Heaven,"Folk/Acoustic, pop",2002,0.7860650171136333,0.6728279282489276,263994,TRUE,,,,,,,,,
Jay Rock,I Turn To You,"pop, latin",2007,0.6506752462534652,0.5977936940427753,246644,TRUE,,,,,,,,,
Rudimental,I Love It (feat. Charli XCX),easy listening,2014,0.5849256557734294,0.47332176472483944,254447,FALSE,,,,,,,,,
Guy Sebastian,I'm On One,"hip hop, pop, R&B",2010,0.3872816829431075,0.5535364391912093,202779,FALSE,,,,,,,,,
Lily Allen,Party Rock Anthem,"pop, rock, Dance/Electronic",2001,0.5942691129701624,0.70294241,210183,TRUE,,,,,,,,,
Kings of Leon,Hotter Than Hell,"hip hop, pop, R&B, latin",2009,0.5643438480511581,0.6716671088608792,237214,TRUE,,,,,,,,,
Case,Style,country,2000,0.4455166377913723,0.7263437334201047,241480,TRUE,,,,,,,,,
Jax Jones,One Call Away,"hip hop, country",2008,0.7960633250484761,0.7029078410804922,210224,TRUE,,,,,,,,,
Meek Mill,Read Your Mind,"rock, pop, Dance/Electronic",2005,0.5517061451350208,0.8515615747142807,215364,TRUE,,,,,,,,,
Amerie,Spinning Around,"pop, R&B, easy listening",2014,0.6787553527095772,0.7167210448690386,225786,TRUE,,,,,,,,,
The Kooks,Just A Little,"rock, blues",1999,0.6010830401397815,0.7428554561953623,186675,TRUE,,,,,,,,,
Scissor Sisters,Hollaback Girl,set(),2002,0.6791723479311789,1.0214594279676912,331826,TRUE,,,,,,,,,
Jonas Blue,Golden Skans,"World/Traditional, rock",2019,0.6612679848441829,0.66267945,149854,TRUE,,,,,,,,,
Savage Garden,I'm N Luv (Wit a Stripper) (feat. Mike Jones),"rock, blues",2006,0.5640385043266101,0.8233566107927454,263890,FALSE,,,,,,,,,
Estelle,Turn Up the Music,Dance/Electronic,2012,0.7632615527094011,0.4059669679046148,248532,TRUE,,,,,,,,,
Joel Corry,IDGAF,set(),2016,0.7234546249998954,0.8708429545165215,303953,TRUE,,,,,,,,,
Joe,The Real Slim Shady,"rock, metal",2008,1.0693196422938545,0.6169118021203468,261757,TRUE,,,,,,,,,
Keri Hilson,Answerphone (feat. Yxng Bane),"pop, country",2011,0.8099905960456697,0.9121376326104003,238257,TRUE,,,,,,,,,
Kesha,Flames,"World/Traditional, pop",2007,0.5175991678992435,0.677290514,327024,TRUE,,,,,,,,,
MIKA,Whatever It Takes,"rock, classical",2007,0.7548448961620383,0.7290179714785143,256363,TRUE,,,,,,,,,
Joel Corry,Better Than Me,"hip hop, latin, Dance/Electronic",2021,0.47065379866165113,0.523055148,261276,TRUE,,,,,,,,,
Logic,Play,"World/Traditional, Folk/Acoustic",2010,0.48172521221625464,0.7159223221573501,264212,FALSE,,,,,,,,,
Erykah Badu,What's My Name?,"hip hop, rock, pop",2003,0.6172197796127132,0.7294264719865557,197740,FALSE,,,,,,,,,
S Club 7,My Boo,"hip hop, pop, rock",2005,0.7270856444244538,0.6726093221066766,241900,TRUE,,,,,,,,,
Kaiser Chiefs,Lush Life,"pop, rock, Dance/Electronic",2017,0.8076661120963623,0.6137039858401826,223193,TRUE,,,,,,,,,
LeAnn Rimes,Magnolia,"rock, pop, Dance/Electronic",2007,0.728622793,0.6928036746982308,222129,FALSE,,,,,,,,,
Migos,Lose Yourself to Dance (feat. Pharrell Williams),"hip hop, pop, Dance/Electronic",2010,0.706639395,0.7640384831610577,235774,TRUE,,,,,,,,,
J Balvin,"Sit Still, Look Pretty","rock, pop, metal, Dance/Electronic",2008,0.5812111939102917,0.8767933218008679,286824,TRUE,,,,,,,,,
MGMT,gone girl,"rock, metal",2006,0.49706890380483143,0.9272425124860195,200800,TRUE,,,,,,,,,
Truth Hurts,Complicated,country,2011,0.6700232680012107,0.6080289776214186,265081,TRUE,,,,,,,,,
Lilly Wood and The Prick,She Wolf,"Folk/Acoustic, rock, pop",2009,0.6304750597350286,0.7940949183346664,268860,TRUE,,,,,,,,,
Maroon 5,Sex,"pop, Dance/Electronic",2011,0.5235209453092351,0.9254851293897534,197422,TRUE,,,,,,,,,
Ashanti,Country Grammar (Hot Shit),"rock, pop, metal, Dance/Electronic",2005,0.6464461113781305,0.8302904395559721,194018,FALSE,,,,,,,,,
Panjabi MC,Clumsy,"Folk/Acoustic, rock",2014,0.7522132813797848,0.597277584,277781,TRUE,,,,,,,,,
Nicky Jam,X,"pop, R&B, Dance/Electronic",2010,0.7245041008825303,0.7118340491802413,220240,TRUE,,,,,,,,,
Grimes,I Kissed A Girl,set(),2022,0.6666538045733121,0.5633434670106269,236477,TRUE,,,,,,,,,
Wayne Wonder,Girls Like (feat. Zara Larsson),"pop, rock, metal",2006,0.508941449,0.7602301319531234,166071,TRUE,,,,,,,,,
DMX,No More (Baby I'ma Do Right),"pop, rock, Folk/Acoustic",2015,0.6356048958761086,0.5222277977439805,210770,TRUE,,,,,,,,,
Usher,It's Gonna Be Me,latin,2018,0.5763458628242346,0.45314305784004527,228526,TRUE,,,,,,,,,
Avicii,Turn Me On (feat. Nicki Minaj),"pop, latin",2004,0.5920909585305805,0.503712448,218168,TRUE,,,,,,,,,
Beyoncé,Always On Time,"pop, easy listening, jazz",2015,0.694393103,0.6784216769979858,233134,TRUE,,,,,,,,,
Joel Adams,Holidae In,"pop, rock",2012,0.8485374084096509,0.627632931,192698,TRUE,,,,,,,,,
Frankie J,Wild Ones (feat. Sia),"Folk/Acoustic, rock",2022,0.6309072367297923,0.628230064,211087,TRUE,,,,,,,,,
Audioslave,Let's Go (feat. Ne-Yo),"pop, rock, metal",2013,0.6996039818436552,0.4949174876188249,249146,TRUE,,,,,,,,,
JoJo,Run It! (feat. Juelz Santana),"pop, easy listening, Dance/Electronic",2010,0.7328667035263541,0.7474627315541655,234181,FALSE,,,,,,,,,
Panic! At The Disco,Don't Wake Me Up,Dance/Electronic,2011,0.5896594605377956,0.5029620245778599,266594,FALSE,,,,,,,,,
Foo Fighters,Break Free,"rock, pop, metal, Dance/Electronic",2019,0.6693161841980847,0.6303608060289353,247588,TRUE,,,,,,,,,
benny blanco,I Just Wanna Love U (Give It 2 Me),"rock, Folk/Acoustic, easy listening",1999,0.6876685310753052,0.7006207960428611,206085,TRUE,,,,,,,,,
Alanis Morissette,Something Kinda Ooooh,"World/Traditional, rock",2011,0.5532543090124257,0.8062794481146847,238753,TRUE,,,,,,,,,
Pretty Ricky,Wow.,"rock, Folk/Acoustic, pop",2006,0.6291107620976631,0.7691185766715452,196026,FALSE,,,,,,,,,
Sonique,Love Machine,"World/Traditional, hip hop",1997,0.6568917168035981,0.6317581672097276,252679,FALSE,,,,,,,,,
Mac Miller,Bailando - Spanish Version,"pop, rock, metal",2013,0.5407997513887597,0.5829502463942402,228177,TRUE,,,,,,,,,
Las Ketchup,Perfect,"hip hop, pop, country",2007,0.6945971426513281,0.8184843419923395,198289,TRUE,,,,,,,,,
Peking Duk,Obsessed,latin,2011,0.7182667565499457,0.6029027495063171,231737,TRUE,,,,,,,,,
Chip,Through The Wire,"hip hop, pop, R&B",2017,0.6244265962813261,0.7304700145378955,244662,TRUE,,,,,,,,,
Pedro Capó,Headsprung,"Folk/Acoustic, pop",2011,0.7582975446413557,0.6849076125951057,266369,TRUE,,,,,,,,,
Bryson Tiller,Ms. New Booty,"hip hop, country",2009,0.4933259620019761,0.8511170596304021,249904,FALSE,,,,,,,,,
Truth Hurts,Throw It In The Bag,"hip hop, pop, Dance/Electronic",1999,0.6016459303355539,0.8746276040196137,232748,FALSE,,,,,,,,,
Alex & Sierra,Breezeblocks,"pop, rock, Folk/Acoustic",1999,0.6786689631606683,0.5886352086238622,251822,TRUE,,,,,,,,,
Toby Keith,With You,"rock, R&B, Folk/Acoustic, pop",2011,0.7957915484240814,0.5977969636572992,239691,TRUE,,,,,,,,,
Travis,lovely (with Khalid),"hip hop, country",2012,0.7879407602931402,0.7321547757821992,208472,TRUE,,,,,,,,,
Martin Garrix,Rain On Me,"rock, Folk/Acoustic, easy listening",2000,0.595771234,0.6988465,180059,TRUE,,,,,,,,,
Jax Jones,Midnight City,"hip hop, rock, pop",2023,0.5845192441920142,0.6898310493353786,302830,TRUE,,,,,,,,,
Kehlani,The Greatest (feat. Kendrick Lamar),"pop, country",2015,0.8126069174052668,0.4860307389704701,230236,TRUE,,,,,,,,,
Manic Street Preachers,Ass Like That,"World/Traditional, hip hop",2005,0.6566997867178318,0.7676320735097427,215983,TRUE,,,,,,,,,
Madison Avenue,Almost Here,"rock, blues",2008,0.7902159812820855,0.6420334428326544,326270,TRUE,,,,,,,,,
Matchbox Twenty,We Fly High,"hip hop, pop, R&B, Dance/Electronic",2010,0.5092213325963284,0.6813389394240877,167150,TRUE,,,,,,,,,
Years & Years,Number 1,"pop, rock, Dance/Electronic",2004,0.4857456322341644,0.5816149639457708,221956,TRUE,,,,,,,,,
Take That,U and Dat (feat. T. Pain & Kandi Girl),"hip hop, pop, country",2009,0.6165901183239657,0.6251958897494243,294335,TRUE,,,,,,,,,
Disturbing Tha Peace,In Love With a Girl,"World/Traditional, rock, pop",2011,0.554143239,0.4727774835101828,211888,TRUE,,,,,,,,,
Kelly Rowland,Ai Se Eu Te Pego - Live,"rock, Folk/Acoustic, easy listening",2008,0.86038078,0.6258414763206156,257321,FALSE,,,,,,,,,
Mariah Carey,Stutter (feat. Mystikal) - Double Take Remix,"Folk/Acoustic, rock, pop",2008,0.5302613614059605,0.6102740885059302,240475,TRUE,,,,,,,,,
Will Smith,Rock The Boat,"rock, pop, metal, Dance/Electronic",2009,0.659949886,0.6503892742889587,217081,TRUE,,,,,,,,,
Thirty Seconds To Mars,"Lady Marmalade - From ""Moulin Rouge"" Soundtrack","rock, pop, metal",1997,0.5599744026854175,0.6871741475573053,205640,TRUE,,,,,,,,,
Cheat Codes,Gettin' Over You (feat. Fergie & LMFAO),"hip hop, pop, latin",2010,0.634023197,0.7991886421721479,226319,TRUE,,,,,,,,,
Creed,Sonnentanz - Sun Don't Shine,"rock, Folk/Acoustic, pop",1996,0.8156604811884409,0.6259268431435993,298978,TRUE,,,,,,,,,
Offset,Plug Walk,metal,2011,0.6703688989794996,0.6223132158209697,245588,TRUE,,,,,,,,,
Jeremih,Final Song,"pop, Folk/Acoustic",2005,0.7559006445728557,1.0706603468759337,233694,TRUE,,,,,,,,,
Illy,I Need A Doctor,"hip hop, pop, R&B, Dance/Electronic",2003,0.7876358475270417,0.9369135329879523,210653,TRUE,,,,,,,,,
The Supermen Lovers,Drop It Like It's Hot,"hip hop, pop, country",2018,0.5526722452957588,0.838008426,237432,FALSE,,,,,,,,,
Diddy - Dirty Money,Never Be Like You,"rock, pop, metal",2014,0.6257719421834658,0.47700992138123455,239933,TRUE,,,,,,,,,
J Balvin,Hey Baby (Radio Mix),"hip hop, latin, Dance/Electronic",2005,0.5799152724110157,0.662695123,136604,TRUE,,,,,,,,,
Bow Wow,Give It 2 Me,"rock, metal",2014,0.7467064822749424,0.7322594650227396,291564,TRUE,,,,,,,,,
Klangkarussell,Give It To Me,"pop, R&B, Dance/Electronic",2017,0.8051620472906891,0.7086701346986561,228541,TRUE,,,,,,,,,
The Fratellis,Pure Shores,Dance/Electronic,2007,0.5885075383402754,0.600424821,180590,FALSE,,,,,,,,,
Lil Tecca,Ric Flair Drip (with Metro Boomin),"rock, metal",2007,0.6478190105840286,0.7133345782266696,148389,FALSE,,,,,,,,,
The Supermen Lovers,Like I Can,"pop, Dance/Electronic",2017,0.5653299773984359,0.6286706211101156,215095,FALSE,,,,,,,,,
Holly Valance,Closer,R&B,2000,0.7366697477260675,0.6407258020481393,213950,TRUE,,,,,,,,,
Michelle Branch,Heaven Is a Halfpipe (If I Die),easy listening,2012,0.6373767531409202,0.628433286,249339,TRUE,,,,,,,,,
Reik,Waves - Robin Schulz Radio Edit,"pop, rock, metal",2012,0.6595470572099865,0.6712095837404061,250133,TRUE,,,,,,,,,
Santana,Just Can’t Get Enough,"hip hop, Dance/Electronic",2012,0.3741757603126481,0.8203918933489067,188877,FALSE,,,,,,,,,
Miley Cyrus,Oblivion,"hip hop, pop, latin",2011,0.5130222129865779,0.8183975693121767,209751,TRUE,,,,,,,,,
Gesaffelstein,No Money,"hip hop, pop, Dance/Electronic",2021,0.45475356876212625,0.5260957251362006,307823,FALSE,,,,,,,,,
Nicole Scherzinger,I Wanna Know,"World/Traditional, pop, Folk/Acoustic",2011,0.7785443089644104,0.8136066657415566,235993,FALSE,,,,,,,,,
Joe,Never Be Like You,"Folk/Acoustic, pop",1999,0.7498902791406823,0.6285672341005295,256381,TRUE,,,,,,,,,
Years & Years,I'm Real (feat. Ja Rule) - Murder Remix,"hip hop, pop, country",2010,0.6310075018547864,0.6215543273922627,232594,TRUE,,,,,,,,,
Jack White,Drinking from the Bottle (feat. Tinie Tempah),"hip hop, pop, latin",2015,0.545561544,0.824079476,142913,FALSE,,,,,,,,,
Gorillaz,It's A Vibe,"pop, R&B",2006,0.4205021853868618,0.5661826372992946,282134,TRUE,,,,,,,,,
Nio Garcia,Can't Get You out of My Head,"pop, R&B, Dance/Electronic",2013,0.823430342,0.8973687627156062,212487,FALSE,,,,,,,,,
Metro Station,You Found Me,"pop, rock",2013,0.8280695275143163,0.4964911407608903,225956,FALSE,,,,,,,,,
Rizzle Kicks,I Gotta Feeling,rock,2015,0.6226163130560525,0.8028226519219183,203859,TRUE,,,,,,,,,
3LW,Say My Name,"rock, pop, metal, Dance/Electronic",2014,0.7237913469274891,0.7115120634547272,252117,TRUE,,,,,,,,,
Next,Snow (Hey Oh),"hip hop, pop, latin",2018,0.5845175046984993,0.770836228,215952,FALSE,,,,,,,,,
Disclosure,The Nights,metal,2016,0.4840036761730614,0.43902793409221186,265406,TRUE,,,,,,,,,
Bastille,Release Me,"rock, blues, latin",2016,0.6324138569083371,0.8718486624927604,276594,TRUE,,,,,,,,,
Petey Pablo,Beautiful Monster,"pop, rock, Dance/Electronic",2013,0.6650217712016896,0.8103552849189326,205311,TRUE,,,,,,,,,
Agnes,What Goes Around.../...Comes Around (Interlude),"pop, R&B",2004,0.9089247543056866,0.6813533621792325,188477,TRUE,,,,,,,,,
Wayne Wonder,Wish You Were Mine - Radio Edit,easy listening,2005,0.9560674072740695,0.8702157474279651,258308,TRUE,,,,,,,,,
Tame Impala,HandClap,Dance/Electronic,2010,0.5555133085928974,0.6690927249402534,232302,TRUE,,,,,,,,,
Amerie,a lot,"pop, Dance/Electronic",2023,0.6703375321710534,0.7938431587107594,270007,TRUE,,,,,,,,,
Enrique Iglesias,Don't Think I'm Not,"pop, Dance/Electronic",2012,0.5406225559499485,0.43521854918742475,228170,TRUE,,,,,,,,,
Duffy,Lose Control (feat. Ciara & Fat Man Scoop),country,2005,0.4258052352633892,0.7175546521974735,142774,TRUE,,,,,,,,,
Amanda Perez,Piece Of Your Heart,country,2005,0.8651583860967637,0.8175023310418525,263810,TRUE,,,,,,,,,
J Balvin,Are You With Me - Radio Edit,Dance/Electronic,2010,0.9292732724648238,0.8120037831025231,236902,FALSE,,,,,,,,,
Meck,Youngblood,"rock, metal",2006,0.5094742943554778,0.509159619,272440,TRUE,,,,,,,,,
INNA,Pretty Girl Rock,"rock, Folk/Acoustic, easy listening",2003,0.738971604,0.6848254245829741,248011,TRUE,,,,,,,,,
Demi Lovato,Piece of Me,"hip hop, Dance/Electronic",2007,0.6900417147376882,0.7608812230757036,227049,FALSE,,,,,,,,,
Big Brovaz,Break the Ice,"hip hop, Dance/Electronic",2003,0.6399052487883203,0.6250747510041311,195341,FALSE,,,,,,,,,
Scooter,Sex on Fire,Dance/Electronic,2006,0.785357381,0.5138174427441832,273492,FALSE,,,,,,,,,
Otto Knows,Natural,"hip hop, pop, R&B, latin",2009,0.6161290247145437,0.6434700521410921,215763,FALSE,,,,,,,,,
Elliott Yamin,Swimming Pools (Drank) - Extended Version,"hip hop, pop, R&B, latin",2006,0.44842840673455764,0.6485949376051424,268302,TRUE,,,,,,,,,
Debelah Morgan,If I Were a Boy,"Folk/Acoustic, rock",2012,0.7112695038009939,0.7460126686029664,266008,TRUE,,,,,,,,,
Avicii,Mad Love,hip hop,2010,0.6375901081646587,0.7087049731350714,262326,FALSE,,,,,,,,,
Sigala,Kill This Love,metal,2010,0.5857202910078301,0.8612562488179142,315485,TRUE,,,,,,,,,
Kings of Leon,Love Don't Cost a Thing,"pop, R&B, easy listening",2007,0.6699287703002478,0.6750826133069923,308692,FALSE,,,,,,,,,
Muse,Not In Love - Radio Mix,"rock, pop",2014,0.626197042,0.7302984589062066,197857,TRUE,,,,,,,,,
Shop Boyz,Callaita,"country, latin",2016,0.6024608902422053,0.8942600160865359,251032,TRUE,,,,,,,,,
Keyshia Cole,Do It To It,"hip hop, pop, country",2017,0.9175651869488508,0.5724754491466998,226280,TRUE,,,,,,,,,
J. Cole,Leave Me Alone,"hip hop, pop, latin",2012,0.7168528969817557,0.8233572614566648,226871,TRUE,,,,,,,,,
Playboi Carti,True Love (feat. Lily Allen),"pop, Folk/Acoustic",2015,0.654320527,0.6394859328330709,214874,TRUE,,,,,,,,,
Alan Walker,Buy U a Drank (Shawty Snappin') (feat. Yung Joc),"pop, rock, metal",2006,0.5524765772661847,0.617899168,236274,TRUE,,,,,,,,,
Shaggy,Wide Awake,"Folk/Acoustic, rock",1998,0.7503900840758011,1.0361936961485663,219095,FALSE,,,,,,,,,
Sheck Wes,Happy,"hip hop, pop, Dance/Electronic",2011,0.5750351335745776,0.6102238277820334,242529,FALSE,,,,,,,,,
benny blanco,Life Is A Rollercoaster,"rock, blues",2005,0.5815010771159741,1.0090606909523387,260918,TRUE,,,,,,,,,
Elliott Yamin,All Day And Night,"rock, metal",2005,0.6930033821002575,0.6999654037004815,207626,FALSE,,,,,,,,,
Post Malone,Some Cut,"rock, blues",2001,0.6083368497049895,0.535518302,239235,TRUE,,,,,,,,,
Oasis,Bartender (feat. Akon),"World/Traditional, rock",2009,0.7267456668021727,0.787956597,170009,FALSE,,,,,,,,,
Las Ketchup,Say My Name,"World/Traditional, hip hop",2011,0.8318529551596636,0.7644592115362541,212208,FALSE,,,,,,,,,
Estelle,As Good As I Once Was,"hip hop, pop, R&B, latin",2010,0.4449810877075084,0.6167574483958114,268613,TRUE,,,,,,,,,
Eve,Blurry,"pop, Dance/Electronic",2003,0.8182456557039677,0.834309446,201278,FALSE,,,,,,,,,
Calvin Harris,Panini,"hip hop, country",2006,0.6214124982936265,0.6392452438869862,272878,TRUE,,,,,,,,,
Banx & Ranx,Nevermind,"country, latin",2011,0.5287807116845464,0.7142631072031791,231619,TRUE,,,,,,,,,
Chip,Black Widow,"hip hop, R&B",2016,0.7637897188498551,0.7396809530803384,242976,TRUE,,,,,,,,,
Fort Minor,Higher,"pop, R&B, easy listening",2009,0.7044804567902997,0.6713092070773391,208112,TRUE,,,,,,,,,
Pretty Ricky,Don't You Worry Child - Radio Edit,"hip hop, country",1993,0.8080315051836808,0.6775911236435344,277412,TRUE,,,,,,,,,
Big Shaq,Overprotected - Radio Edit,"hip hop, pop",2008,0.8013237386926771,0.6285985456863329,343867,TRUE,,,,,,,,,
Basshunter,Out Of Reach,"hip hop, pop, rock",2010,0.6737902426916463,0.8594976005060294,227752,TRUE,,,,,,,,,
Yolanda Be Cool,Desert Rose,"Folk/Acoustic, rock",2007,0.7730586014405681,0.6848892154598607,267394,FALSE,,,,,,,,,
Kendrick Lamar,"This Ain't A Scene, It's An Arms Race","World/Traditional, hip hop",2009,1.0135234941605207,0.6532911341317563,313770,FALSE,,,,,,,,,
Rudimental,21 Seconds,"pop, rock",1994,0.9753442944333002,0.6202441638654896,249615,FALSE,,,,,,,,,
Sean Paul,Young Forever,"World/Traditional, pop, Folk/Acoustic",2011,0.3295933600945358,0.8543637710955415,184156,FALSE,,,,,,,,,
Charli XCX,Do You Remember,"pop, Folk/Acoustic",2011,0.7874307793780942,0.8013942416576129,204311,TRUE,,,,,,,,,
Passenger,Wiggle (feat. Snoop Dogg),"pop, rock, Dance/Electronic",2012,0.5661282908205177,0.535220913,254652,FALSE,,,,,,,,,
Demi Lovato,Money On My Mind,"pop, R&B, easy listening",2003,0.6298130440698463,0.5482894638248976,250520,TRUE,,,,,,,,,
T-Pain,Untouched,latin,2010,0.775553853,0.6173644906485617,274915,TRUE,,,,,,,,,
Scouting For Girls,bury a friend,"pop, rock, Dance/Electronic",2010,0.7803013708587145,0.6345633150110885,257996,TRUE,,,,,,,,,
Ronan Keating,We Be Burnin',easy listening,2020,0.8675308287758499,0.6606233083506579,288925,FALSE,,,,,,,,,
Asaf Avidan & the Mojos,Talking Body,"Folk/Acoustic, rock, pop",2023,0.6216338012496669,0.6627483042816955,192133,TRUE,,,,,,,,,
Toni Braxton,Dead And Gone,"rock, Folk/Acoustic, pop",2019,0.6845665247222512,0.7691836433575642,209646,TRUE,,,,,,,,,
Pixie Lott,Where Have You Been,latin,2013,0.4843733207763683,0.5784315553687747,236079,FALSE,,,,,,,,,
Kandi,Say My Name,"country, latin",2012,0.7955091061068289,0.6919538712059157,249459,FALSE,,,,,,,,,
Mary Mary,Breezeblocks,latin,2007,0.8136067869201857,0.8258246870719064,194330,TRUE,,,,,,,,,
Ida Corr,Glad You Came,"rock, Folk/Acoustic, pop",2008,0.7189772708073953,0.5230479010664553,228665,TRUE,,,,,,,,,
Petit Biscuit,Rollin' (Air Raid Vehicle),"country, latin",2004,0.687451994,0.8084425485068719,233114,TRUE,,,,,,,,,
Fitz and The Tantrums,The Sweet Escape,"rock, pop, metal, Dance/Electronic",2022,0.5801184447331014,0.8755287916780036,274145,TRUE,,,,,,,,,
Boys Like Girls,Call Me Maybe,"pop, R&B",2008,0.4906480134719716,0.7234173810316193,262872,FALSE,,,,,,,,,
Mr. Probz,Thank God I Found You (feat. Joe & 98°),"pop, easy listening, Dance/Electronic",2013,0.7872734675331461,0.8148956454148443,294287,FALSE,,,,,,,,,
Vengaboys,Infinity 2008,rock,2017,0.6151684800809543,0.678040202,251483,TRUE,,,,,,,,,
Burak Yeter,Shape of You,"Folk/Acoustic, pop",1995,0.7881284686539339,0.6046485835120519,348785,TRUE,,,,,,,,,
Good Charlotte,One Last Time,"pop, rock, Folk/Acoustic",1999,0.6545794557084922,0.5160416307951796,258447,FALSE,,,,,,,,,
FINNEAS,Cookie Jar (feat. The-Dream),country,2008,0.834413777,0.49025208370226625,228072,TRUE,,,,,,,,,
Lucenzo,Nothing Breaks Like a Heart (feat. Miley Cyrus),"country, latin",2014,0.76269769,0.6593440220472937,184643,TRUE,,,,,,,,,
P.O.D.,Hard,"hip hop, latin, Dance/Electronic",2017,0.8328147853724099,0.8015365483494482,225018,FALSE,,,,,,,,,
Disturbing Tha Peace,Please Don't Go,"pop, R&B",2001,0.8037483713598423,0.5472749701118887,226551,TRUE,,,,,,,,,
Maggie Lindemann,Do You Want To,metal,2008,0.715610249,0.6353747537549699,164109,FALSE,,,,,,,,,
Kid Cudi,Last Night,rock,2010,0.5107309301527143,0.47906339285240923,204659,FALSE,,,,,,,,,
Moloko,Bad Boys (feat. Flo Rida),"World/Traditional, pop, Folk/Acoustic",2010,0.7005040912692658,0.6748136569399539,267788,TRUE,,,,,,,,,
Las Ketchup,Ayo Technology,"rock, pop, metal",2010,0.6145776560552191,0.5912089133171731,213675,TRUE,,,,,,,,,
Jennifer Hudson,Can't Tell Me Nothing,metal,2011,0.6907210998647757,0.6578160380681531,262407,TRUE,,,,,,,,,
Ja Rule,You Don't Know Me - Radio Edit,Dance/Electronic,2004,0.45737650702874943,0.6947934389336385,201714,TRUE,,,,,,,,,
Future,Ms. New Booty,hip hop,2009,0.6280531748846657,0.6050345189516616,340180,TRUE,,,,,,,,,
The Fray,Please Don't Go,"hip hop, pop, latin",2015,0.9231230789143128,1.0746764961999222,260302,TRUE,,,,,,,,,
Natasha Bedingfield,Point Of View - Radio Edit,"hip hop, pop, R&B, latin",2007,0.6984748296929223,0.9866874544621775,254155,TRUE,,,,,,,,,
K-Ci & JoJo,Underneath It All,easy listening,2009,0.5111713085272234,0.5763785803160985,191207,FALSE,,,,,,,,,
Mustard,Summertime Sadness (Lana Del Rey Vs. Cedric Gervais) - Cedric Gervais Remix,latin,2005,0.6789667444425058,0.8787789612580797,319665,TRUE,,,,,,,,,
Florida Georgia Line,I Love College,metal,2011,0.6183220258862611,0.7006855551433989,265983,TRUE,,,,,,,,,
Kehlani,Control Myself,"pop, easy listening, Dance/Electronic",2000,0.699804525,0.6129332588680528,159782,TRUE,,,,,,,,,
OPM,What I've Done,"rock, Folk/Acoustic, easy listening",2004,0.7080069711963872,0.4631000263517995,256521,FALSE,,,,,,,,,
Lasgo,The Next Episode,"pop, R&B, easy listening",2005,0.7194378016139508,0.8953554770874746,240721,TRUE,,,,,,,,,
Chamillionaire,Pure Shores,"hip hop, country",2005,0.8617930810965327,0.7407602087437282,238810,TRUE,,,,,,,,,
Alex Clare,Kill Em With Kindness,"pop, rock, metal",1995,0.8514624069409416,0.8867671484936874,196011,TRUE,,,,,,,,,
Emma Bunton,Beat Again - Radio Edit,"hip hop, rock, pop",2016,0.5196472123714544,0.6099454301753355,234436,FALSE,,,,,,,,,
Youngbloodz,Just the Way You Are,"hip hop, rock, pop",2010,0.785684122,0.6876963677628068,253101,TRUE,,,,,,,,,
Rachel Stevens,Survivor,"rock, pop",2013,0.6006025609878994,0.5336180022837167,242858,FALSE,,,,,,,,,
Jason Aldean,C'Mon,"pop, latin",2011,0.7799818022109469,0.946256708,247775,TRUE,,,,,,,,,
Tim Berg,Let Me Love You (Until You Learn To Love Yourself),"country, latin",2016,0.7169449551736383,0.5212059516482924,218797,TRUE,,,,,,,,,
Mary J. Blige,My Humps,"pop, easy listening, jazz",2016,0.6920923515075401,0.7826190421648609,195497,TRUE,,,,,,,,,
Zedd,Girl,"Folk/Acoustic, rock",2013,0.49433849270632824,0.6622432988443151,232216,FALSE,,,,,,,,,
Becky G,Eternal Flame - Single Version,"Folk/Acoustic, pop",2007,0.7035197989248679,0.5470161923304638,252733,FALSE,,,,,,,,,
Hot Chelle Rae,In The Night,"World/Traditional, Folk/Acoustic",2015,0.6941556575067171,0.49626814747816606,179936,TRUE,,,,,,,,,
The White Stripes,Cha Cha Slide - Hardino Mix,"World/Traditional, Folk/Acoustic",2008,0.6596971769131988,0.5932687240970279,147727,TRUE,,,,,,,,,
Omarion,Goodies (feat. Petey Pablo),"rock, easy listening",2011,0.806979261,0.7017152943452801,245595,TRUE,,,,,,,,,
Madcon,My Chick Bad,"pop, Dance/Electronic",2008,0.3080432188279147,0.7092240138512111,251323,TRUE,,,,,,,,,
Sammie,Call on Me - Radio Mix,"rock, R&B, Folk/Acoustic, pop",2014,0.37525031430414946,0.8198980881666815,225891,TRUE,,,,,,,,,
ZAYN,Monster,"World/Traditional, hip hop",2006,0.5503111536409414,0.886558763,238618,TRUE,,,,,,,,,
Jibbs,Make It Rain,"rock, pop, Dance/Electronic",2003,0.8043197082422264,0.809301803,205326,TRUE,,,,,,,,,
Ella Henderson,Never Forget You,"rock, Folk/Acoustic, pop",2008,0.602225352,0.7527279160463942,171906,TRUE,,,,,,,,,
Marilyn Manson,Jocelyn Flores,"World/Traditional, pop, Folk/Acoustic",1997,0.7385129535086604,0.6376354520101519,223747,TRUE,,,,,,,,,
Demi Lovato,I'm a Thug,"hip hop, pop, latin",2018,0.6423819113979957,0.6796090723763722,282620,TRUE,,,,,,,,,
The Rasmus,human,"pop, rock, Folk/Acoustic",2008,0.7708864090611777,0.6287806569115405,156128,TRUE,,,,,,,,,
Aloe Blacc,Good Life (with G-Eazy & Kehlani),"rock, pop, Dance/Electronic",2022,0.6259567467659624,0.7578822128802318,283557,FALSE,,,,,,,,,
Reik,Pocketful of Sunshine,"pop, Folk/Acoustic",2013,0.664404807,0.9489608784547303,228851,TRUE,,,,,,,,,
Muse,Big Green Tractor,"World/Traditional, pop, Folk/Acoustic",2006,0.5861748425646619,0.8249396476751499,231843,TRUE,,,,,,,,,
Foo Fighters,Pray For Me (with Kendrick Lamar),pop,2008,0.7557081290864551,0.6732177170466466,243755,TRUE,,,,,,,,,
Bow Wow,Forgot About Dre,"hip hop, pop, R&B, latin",2008,0.5508153648752985,0.5993607596745293,216522,TRUE,,,,,,,,,
Keane,Separated,"hip hop, Dance/Electronic",2010,0.3222823897561868,0.8202142506167648,272228,FALSE,,,,,,,,,
Asaf Avidan & the Mojos,Supermassive Black Hole,"World/Traditional, pop, Folk/Acoustic",2004,0.5672345581615222,0.7431258292360046,318568,TRUE,,,,,,,,,
Twenty One Pilots,My Life,"pop, rock, Dance/Electronic",2008,0.5126532177780437,0.5283114378241036,241941,TRUE,,,,,,,,,
S Club 7,Dear Darlin',"World/Traditional, Folk/Acoustic",2016,0.5861269579742241,0.5826565662265053,229382,TRUE,,,,,,,,,
Musiq Soulchild,Patience,Dance/Electronic,2008,0.5500082914008602,1.062150658944107,286176,TRUE,,,,,,,,,
Baby Bash,Pretty Girl - Cheat Codes X CADE Remix,hip hop,2006,0.83167667,0.773609578,249237,TRUE,,,,,,,,,
Drake,La Tortura (feat. Alejandro Sanz),"pop, R&B, Dance/Electronic",2012,0.5278890746802418,0.7320421901572769,219620,TRUE,,,,,,,,,
Shontelle,Years - ラジオ・エディット,"rock, Folk/Acoustic, pop",2005,0.9101151647185889,0.39534070583302017,233693,FALSE,,,,,,,,,
Skillet,The Real Slim Shady,Dance/Electronic,2015,0.6162791566011298,0.5348174712698294,153509,TRUE,,,,,,,,,
INNA,My Love Is Like...Wo - Main Mix,"Folk/Acoustic, pop",2017,0.6545176723497684,0.8474904234008817,211949,FALSE,,,,,,,,,
Monica,Replay,"rock, pop",2014,0.8318568853826843,0.67784091,226750,TRUE,,,,,,,,,
Frank Ocean,He Wasn't Man Enough,"World/Traditional, hip hop",2002,0.5832911513086964,0.6572448080074547,297447,TRUE,,,,,,,,,
Bone Thugs-N-Harmony,Stole the Show,"pop, R&B, easy listening",2007,0.6965440358565408,0.9389980838156708,228257,TRUE,,,,,,,,,
The Goo Goo Dolls,Snap Yo Fingers,"hip hop, pop, country",2011,0.42913408837672296,0.5757707949371043,232088,TRUE,,,,,,,,,
Kehlani,I'm N Luv (Wit a Stripper) (feat. Mike Jones),country,2016,0.6536085745050204,0.4827004610836025,324078,TRUE,,,,,,,,,
Usher,Shackles (Praise You),"hip hop, pop, R&B, Dance/Electronic",2007,0.7328869872558619,0.7462861316928681,255762,TRUE,,,,,,,,,
Klangkarussell,Weak,"pop, latin",2014,0.5619864803724924,0.6822439369535953,210510,TRUE,,,,,,,,,
Fitz and The Tantrums,Wildest Dreams,"hip hop, pop",2005,0.5167450742236803,0.7032717405860861,182151,TRUE,,,,,,,,,
Khia,Wild Ones (feat. Sia),"hip hop, latin, Dance/Electronic",2002,0.6601113226731212,0.8883218868394462,321913,TRUE,,,,,,,,,
Enya,Circus,hip hop,2005,0.7030067910986113,0.6535474100662269,213095,FALSE,,,,,,,,,
Iyaz,King,"hip hop, country",2016,0.6669608343535743,0.6442849504929398,255388,FALSE,,,,,,,,,
Musiq Soulchild,Shallow,"hip hop, country",2010,0.7408528165349832,0.7597366855982138,295253,TRUE,,,,,,,,,
Vanessa Carlton,Here Is Gone,"pop, rock, Folk/Acoustic",2015,0.6217009070778277,0.6773294955181173,228813,TRUE,,,,,,,,,
French Montana,Wearing My Rolex - Radio Edit,"rock, classical",2001,0.9672642037579078,1.0308124070666431,187684,TRUE,,,,,,,,,
Sandi Thom,The Ketchup Song (Aserejé) - Spanglish Version,"World/Traditional, rock",2007,0.6127747151313983,0.8518952704998545,156962,FALSE,,,,,,,,,
21 Savage,I Need A Doctor,"hip hop, latin, Dance/Electronic",2010,0.5261035544935405,0.7360471434655762,250658,TRUE,,,,,,,,,
The Vamps,Family Affair,"pop, Folk/Acoustic",2015,0.7952413729376441,0.6109943272187996,229392,TRUE,,,,,,,,,
Travie McCoy,Paralyzer,"rock, pop, Dance/Electronic",2011,0.4765494297367875,0.512230078,262336,TRUE,,,,,,,,,
Lady A,I'm N Luv (Wit a Stripper) (feat. Mike Jones),"pop, Folk/Acoustic",2017,0.7060775037136683,0.9788778904568141,252122,FALSE,,,,,,,,,
Pedro Capó,Faded,"hip hop, pop, Dance/Electronic",1995,0.540957815,1.000889016658897,231493,TRUE,,,,,,,,,
Bobby Shmurda,Party Like A Rock Star,country,2000,0.6204952308359067,0.65760393,217918,TRUE,,,,,,,,,
BLACKPINK,Down With The Trumpets,"World/Traditional, Folk/Acoustic",2018,0.5621275657511343,0.81222962,261683,FALSE,,,,,,,,,
Truth Hurts,Bonfire Heart,"hip hop, pop, rock",2004,0.7966192667504387,0.6092209293188449,198470,TRUE,,,,,,,,,
Of Monsters and Men,Disturbia,"pop, R&B, easy listening",2006,0.7979833214111123,0.6896440075372525,202224,FALSE,,,,,,,,,
Ne-Yo,Swervin (feat. 6ix9ine),"rock, pop, metal, Dance/Electronic",2005,0.5362263935312939,0.4641307859028681,216357,TRUE,,,,,,,,,
Taylor Swift,You Know I'm No Good,metal,2007,0.3764714295738199,0.718345278,226446,TRUE,,,,,,,,,
Camila Cabello,changes,"World/Traditional, rock, pop",2010,0.5560624943768813,0.6442115470042185,227864,TRUE,,,,,,,,,
Soulja Boy,Luv U Better,"pop, easy listening, Dance/Electronic",2017,0.46322777205515697,1.0686504726319912,240639,TRUE,,,,,,,,,
Chris Brown,Get Up (Rattle) - Vocal Edit,"hip hop, country",2009,0.6019784803374256,0.9033561178869136,218900,TRUE,,,,,,,,,
Frank Ocean,Southside,"hip hop, pop, rock",2010,0.6520472962516635,0.34368504738949496,244827,TRUE,,,,,,,,,
Pixie Lott,The Rose,"hip hop, pop, R&B, latin",1997,0.6435847567629788,0.9974663089574387,202018,TRUE,,,,,,,,,
Lilly Wood and The Prick,Move Ya Body,"hip hop, country",2019,0.8331299505313225,0.6089833463592225,233965,TRUE,,,,,,,,,
Metro Station,Get Up (Rattle) - Vocal Edit,"World/Traditional, pop, Folk/Acoustic",2001,0.7797878942333847,0.6084841610596107,254465,FALSE,,,,,,,,,
Trapt,Lust for Life (with The Weeknd),"pop, latin",2004,0.8041579093450355,0.6993121066109198,278690,TRUE,,,,,,,,,
Diddy,Nonstop,"rock, pop, metal",2020,0.3891531982700523,0.7659604282050219,188686,TRUE,,,,,,,,,
KALEO,I'm Sprung,"rock, blues",2010,0.5593563405163477,0.5346999562056556,302955,TRUE,,,,,,,,,
The Notorious B.I.G.,Shake It,"pop, latin",2012,0.8534799563701759,0.9191451869114041,208312,FALSE,,,,,,,,,
Alien Ant Farm,212,"rock, Folk/Acoustic, easy listening",2007,0.42229695561518865,0.7939766548403746,233640,TRUE,,,,,,,,,
Trillville,Do It Again,"pop, Folk/Acoustic",2007,0.5940858725824496,0.8809985253108246,271695,TRUE,,,,,,,,,
Mystikal,Adventure of a Lifetime,metal,2000,0.5532102421732426,0.9999258154207876,209964,TRUE,,,,,,,,,
Sia,Always On Time,"pop, R&B, Dance/Electronic",2002,0.4082632976859215,0.7540057754634771,282052,TRUE,,,,,,,,,
J-Kwon,My Boo,"rock, Folk/Acoustic, pop",2009,0.7700809464787277,0.9321657630041102,285883,TRUE,,,,,,,,,
Lil Peep,Southside,"hip hop, country",2003,0.8157086891945144,1.2239484319036844,271063,TRUE,,,,,,,,,
Far East Movement,Save That Shit,"pop, R&B, Dance/Electronic",2008,0.5525098918625928,0.611498714,197297,FALSE,,,,,,,,,
Youngbloodz,You're Beautiful,hip hop,2019,0.6256167473018549,0.7357057538665098,271147,TRUE,,,,,,,,,
Ellie Goulding,Satisfaction (Isak Original Extended) - Benny Benassi Presents The Biz,"hip hop, latin, Dance/Electronic",2009,0.7441156099705042,1.037721955141464,250398,TRUE,,,,,,,,,
Amanda Perez,Bad Romance,country,2003,0.8493706457142483,0.7756049083832719,219869,TRUE,,,,,,,,,
Usher,Bottoms Up (feat. Nicki Minaj),"hip hop, pop, rock",2014,0.6617510025341817,0.7291885495347391,164058,TRUE,,,,,,,,,
Lewis Capaldi,Princess of China,"Folk/Acoustic, rock, pop",2005,0.7941642976976089,0.3837720627835629,281584,TRUE,,,,,,,,,
Kandi,Check On It (feat. Slim Thug),"pop, R&B",2011,0.8920285135914627,0.6466815431790786,217380,TRUE,,,,,,,,,
Lykke Li,It's Goin' Down (feat. Nitti),metal,2007,0.5312002143773675,0.4258716093861167,202524,TRUE,,,,,,,,,
Robbie Williams,"Me, Myself and I",set(),2003,0.8329772086051503,0.4907566384497829,317550,TRUE,,,,,,,,,
DJ Snake,If Today Was Your Last Day,"pop, easy listening, jazz",2008,0.5979322690336457,0.7059858645790754,207074,TRUE,,,,,,,,,
Tame Impala,Wild Thoughts (feat. Rihanna & Bryson Tiller),"pop, rock",1996,0.7086491885303373,0.7449789043434004,205127,TRUE,,,,,,,,,
Olly Murs,I'm a Thug,"rock, pop, metal",1993,0.8398016810463234,0.6832438764690407,216671,TRUE,,,,,,,,,
Ryan Cabrera,Centuries,"World/Traditional, pop",2006,0.5685849243760782,0.6714122720979843,264668,TRUE,,,,,,,,,
Jimmy Eat World,Cleanin' Out My Closet,"pop, Dance/Electronic",2020,0.5500027793863116,0.752308694,260187,TRUE,,,,,,,,,
Simply Red,Cold Water (feat. Justin Bieber & MØ),"World/Traditional, hip hop",2011,0.7236346718203795,0.5192746159623668,303285,FALSE,,,,,,,,,
Imagine Dragons,You're Beautiful,latin,2003,0.6960716514037066,0.8945989096712714,243218,TRUE,,,,,,,,,
Astrid S,Just Dance,pop,2004,0.52134709,0.8639613304595675,166435,TRUE,,,,,,,,,
Electric Six,Nobody's Home,"hip hop, R&B",2012,0.6882419608801802,0.7682012857047357,196944,TRUE,,,,,,,,,
OPM,In My Head,"hip hop, Dance/Electronic",2010,0.5882798514481649,0.6791138225659098,215672,TRUE,,,,,,,,,
Sak Noel,You Sang To Me,"pop, rock, metal",1997,0.7519975450160697,0.7741404379324852,266142,TRUE,,,,,,,,,
Gym Class Heroes,Don't Mind,"rock, blues",1995,0.41828639556836567,0.43000935242256555,227059,TRUE,,,,,,,,,
Olly Murs,Family Affair,"hip hop, pop, Dance/Electronic",2018,0.6232682788792466,0.9451462231618704,200678,FALSE,,,,,,,,,
No Doubt,Look What You Made Me Do,"hip hop, pop, R&B, Dance/Electronic",2007,0.6708623903753734,0.7892375941983764,185936,TRUE,,,,,,,,,
Vance Joy,Why'd You Only Call Me When You're High?,"pop, country",2006,0.7846765689772366,0.8459760712494312,283176,TRUE,,,,,,,,,
Ed Sheeran,Turnin Me On - Original Dirty,"rock, Folk/Acoustic, pop",2005,0.8577027406629677,0.7915300224734173,290693,TRUE,,,,,,,,,
Snoop Dogg,Holiday,"rock, classical",2008,0.727132186,0.7694982240302972,256656,TRUE,,,,,,,,,
Lewis Capaldi,Primadonna,"hip hop, pop, Dance/Electronic",2005,0.5324782392969862,0.6761108964841326,151973,TRUE,,,,,,,,,
Gnarls Barkley,emotions,"rock, Folk/Acoustic, easy listening",2016,0.45306997330994964,1.1141055457931988,260387,FALSE,,,,,,,,,
Trey Songz,Love,"country, latin",2006,0.8223656979983417,0.7841876609935708,190864,TRUE,,,,,,,,,
Chingy,oui,"pop, Folk/Acoustic",2016,0.5459008008658945,0.7353432758778443,302198,TRUE,,,,,,,,,
Mis-Teeq,Suga Suga,pop,2010,0.6435889148396388,0.955630563,177997,FALSE,,,,,,,,,
Kelly Rowland,The Next Episode,"Folk/Acoustic, pop",2000,0.8646688377211356,0.6619476275618491,259925,FALSE,,,,,,,,,
Rob $tone,Forever,"rock, classical",2001,0.5231969563980706,0.5357393896956502,198583,TRUE,,,,,,,,,
Logic,Wrapped Up (feat. Travie McCoy),"rock, pop, Dance/Electronic",2007,0.49932014003046266,0.8346149384106545,273743,TRUE,,,,,,,,,
Dennis Lloyd,Story of My Life,"rock, metal",2010,0.751411127,0.7889510385963567,307049,TRUE,,,,,,,,,
Stromae,Better Now,"hip hop, country",2017,0.707323209,0.614997738,273987,TRUE,,,,,,,,,
ZHU,No Promises (feat. Demi Lovato),"rock, Folk/Acoustic, easy listening",2007,0.7494974595378944,0.6125175185118693,177220,TRUE,,,,,,,,,
Joe,Cha Cha Slide - Hardino Mix,"pop, R&B, Dance/Electronic",2003,0.8770760609099462,1.0199889592537956,205419,TRUE,,,,,,,,,
Manic Street Preachers,Treat You Better,"hip hop, pop",2017,0.6973971514645656,0.8023005319747086,203036,FALSE,,,,,,,,,
Nelly,You Belong With Me,"rock, pop, Dance/Electronic",2004,0.7801436482375101,0.7954972522509254,185800,TRUE,,,,,,,,,
Britney Spears,If I Were a Boy,"rock, pop, Dance/Electronic",2008,0.4696441198959368,0.9494417773263772,204501,TRUE,,,,,,,,,
Electric Six,Into You (feat. Tamia),"World/Traditional, rock",2011,0.6098783636432311,0.8585384724306413,227414,FALSE,,,,,,,,,
